"Ma","T","U:0","U:1","U:2","alphat","k","nut","omega","p","rho","vtkValidPointMask","arc_length","Points:0","Points:1","Points:2"
1.9978,300,694.73,0,0,0.54712,72.397,0.46604,155.35,1.0132e+05,1.174,1,0,0,0,1
1.9978,300,694.73,-2.2075e-15,0,0.54712,72.392,0.46604,155.34,1.0132e+05,1.174,1,0.0025,0.0025,0,1
1.9978,300,694.73,-4.4149e-15,0,0.54711,72.387,0.46603,155.32,1.0132e+05,1.174,1,0.005,0.005,0,1
1.9978,300,694.73,-6.6224e-15,0,0.54711,72.381,0.46603,155.31,1.0132e+05,1.174,1,0.0075,0.0075,0,1
1.9978,300,694.73,-8.8298e-15,0,0.54711,72.376,0.46603,155.3,1.0132e+05,1.174,1,0.01,0.01,0,1
1.9978,300,694.73,-1.1037e-14,0,0.5471,72.371,0.46603,155.29,1.0132e+05,1.174,1,0.0125,0.0125,0,1
1.9978,300,694.73,-1.3245e-14,0,0.5471,72.365,0.46602,155.28,1.0132e+05,1.174,1,0.015,0.015,0,1
1.9978,300,694.73,-1.5452e-14,0,0.5471,72.36,0.46602,155.27,1.0132e+05,1.174,1,0.0175,0.0175,0,1
1.9978,300,694.73,-1.766e-14,0,0.54709,72.354,0.46602,155.26,1.0132e+05,1.174,1,0.02,0.02,0,1
1.9978,300,694.73,-1.9867e-14,0,0.54709,72.349,0.46601,155.25,1.0132e+05,1.174,1,0.0225,0.0225,0,1
1.9978,300,694.73,-2.2075e-14,0,0.54709,72.344,0.46601,155.24,1.0132e+05,1.174,1,0.025,0.025,0,1
1.9978,300,694.73,-2.4282e-14,0,0.54708,72.338,0.46601,155.23,1.0132e+05,1.174,1,0.0275,0.0275,0,1
1.9978,300,694.73,-2.6489e-14,0,0.54708,72.333,0.46601,155.22,1.0132e+05,1.174,1,0.03,0.03,0,1
1.9978,300,694.73,-2.8133e-14,0,0.54708,72.328,0.466,155.21,1.0132e+05,1.174,1,0.0325,0.0325,0,1
1.9978,300,694.73,-2.9212e-14,0,0.54708,72.325,0.466,155.2,1.0132e+05,1.174,1,0.035,0.035,0,1
1.9978,300,694.73,-3.0291e-14,0,0.54707,72.321,0.466,155.2,1.0132e+05,1.174,1,0.0375,0.0375,0,1
1.9978,300,694.73,-3.137e-14,0,0.54707,72.318,0.466,155.19,1.0132e+05,1.174,1,0.04,0.04,0,1
1.9978,300,694.73,-3.2449e-14,0,0.54707,72.314,0.466,155.18,1.0132e+05,1.174,1,0.0425,0.0425,0,1
1.9978,300,694.73,-3.3529e-14,0,0.54707,72.31,0.46599,155.17,1.0132e+05,1.174,1,0.045,0.045,0,1
1.9978,300,694.73,-3.4608e-14,0,0.54706,72.307,0.46599,155.17,1.0132e+05,1.174,1,0.0475,0.0475,0,1
1.9978,300,694.73,-3.5687e-14,0,0.54706,72.303,0.46599,155.16,1.0132e+05,1.174,1,0.05,0.05,0,1
1.9978,300,694.73,-3.6766e-14,0,0.54706,72.299,0.46599,155.15,1.0132e+05,1.174,1,0.0525,0.0525,0,1
1.9978,300,694.73,-3.7845e-14,0,0.54706,72.296,0.46599,155.15,1.0132e+05,1.174,1,0.055,0.055,0,1
1.9978,300,694.73,-3.8924e-14,0,0.54705,72.292,0.46598,155.14,1.0132e+05,1.174,1,0.0575,0.0575,0,1
1.9978,300,694.73,-4.0003e-14,0,0.54705,72.288,0.46598,155.13,1.0132e+05,1.174,1,0.06,0.06,0,1
1.9978,300,694.73,-4.1083e-14,0,0.54705,72.285,0.46598,155.12,1.0132e+05,1.174,1,0.0625,0.0625,0,1
1.9978,300,694.73,-4.067e-14,0,0.54705,72.281,0.46598,155.12,1.0132e+05,1.174,1,0.065,0.065,0,1
1.9978,300,694.73,-4.0257e-14,0,0.54705,72.278,0.46598,155.11,1.0132e+05,1.174,1,0.0675,0.0675,0,1
1.9978,300,694.73,-3.9844e-14,0,0.54704,72.274,0.46598,155.1,1.0132e+05,1.174,1,0.07,0.07,0,1
1.9978,300,694.73,-3.9431e-14,0,0.54704,72.27,0.46597,155.1,1.0132e+05,1.174,1,0.0725,0.0725,0,1
1.9978,300,694.73,-3.9018e-14,0,0.54704,72.267,0.46597,155.09,1.0132e+05,1.174,1,0.075,0.075,0,1
1.9978,300,694.73,-3.8605e-14,0,0.54704,72.263,0.46597,155.08,1.0132e+05,1.174,1,0.0775,0.0775,0,1
1.9978,300,694.73,-3.8192e-14,0,0.54703,72.259,0.46597,155.07,1.0132e+05,1.174,1,0.08,0.08,0,1
1.9978,300,694.73,-3.7779e-14,0,0.54703,72.256,0.46597,155.07,1.0132e+05,1.174,1,0.0825,0.0825,0,1
1.9978,300,694.73,-3.7366e-14,0,0.54703,72.252,0.46596,155.06,1.0132e+05,1.174,1,0.085,0.085,0,1
1.9978,300,694.73,-3.6953e-14,0,0.54703,72.249,0.46596,155.05,1.0132e+05,1.174,1,0.0875,0.0875,0,1
1.9978,300,694.73,-3.654e-14,0,0.54702,72.245,0.46596,155.05,1.0132e+05,1.174,1,0.09,0.09,0,1
1.9978,300,694.73,-3.6128e-14,0,0.54702,72.241,0.46596,155.04,1.0132e+05,1.174,1,0.0925,0.0925,0,1
1.9978,300,694.73,-3.6709e-14,0,0.54702,72.238,0.46596,155.03,1.0132e+05,1.174,1,0.095,0.095,0,1
1.9978,300,694.73,-3.8286e-14,0,0.54702,72.234,0.46595,155.02,1.0132e+05,1.174,1,0.0975,0.0975,0,1
1.9978,300,694.73,-3.9863e-14,0,0.54702,72.23,0.46595,155.02,1.0132e+05,1.174,1,0.1,0.1,0,1
1.9978,300,694.73,-4.1439e-14,0,0.54701,72.227,0.46595,155.01,1.0132e+05,1.174,1,0.1025,0.1025,0,1
1.9978,300,694.73,-4.3016e-14,0,0.54701,72.223,0.46595,155,1.0132e+05,1.174,1,0.105,0.105,0,1
1.9978,300,694.73,-4.4593e-14,0,0.54701,72.22,0.46595,155,1.0132e+05,1.174,1,0.1075,0.1075,0,1
1.9978,300,694.73,-4.6169e-14,0,0.54701,72.216,0.46594,154.99,1.0132e+05,1.174,1,0.11,0.11,0,1
1.9978,300,694.73,-4.7746e-14,0,0.547,72.212,0.46594,154.98,1.0132e+05,1.174,1,0.1125,0.1125,0,1
1.9978,300,694.73,-4.9323e-14,0,0.547,72.209,0.46594,154.97,1.0132e+05,1.174,1,0.115,0.115,0,1
1.9978,300,694.73,-5.0899e-14,0,0.547,72.205,0.46594,154.97,1.0132e+05,1.174,1,0.1175,0.1175,0,1
1.9978,300,694.73,-5.2476e-14,0,0.547,72.201,0.46594,154.96,1.0132e+05,1.174,1,0.12,0.12,0,1
1.9978,300,694.73,-5.4052e-14,0,0.547,72.198,0.46593,154.95,1.0132e+05,1.174,1,0.1225,0.1225,0,1
1.9978,300,694.73,-5.5629e-14,0,0.54699,72.194,0.46593,154.95,1.0132e+05,1.174,1,0.125,0.125,0,1
1.9978,300,694.73,-5.6328e-14,0,0.54699,72.191,0.46593,154.94,1.0132e+05,1.174,1,0.1275,0.1275,0,1
1.9978,300,694.73,-5.7027e-14,0,0.54699,72.187,0.46593,154.93,1.0132e+05,1.174,1,0.13,0.13,0,1
1.9978,300,694.73,-5.7726e-14,0,0.54699,72.183,0.46593,154.92,1.0132e+05,1.174,1,0.1325,0.1325,0,1
1.9978,300,694.73,-5.8424e-14,0,0.54698,72.18,0.46592,154.92,1.0132e+05,1.174,1,0.135,0.135,0,1
1.9978,300,694.73,-5.9123e-14,0,0.54698,72.176,0.46592,154.91,1.0132e+05,1.174,1,0.1375,0.1375,0,1
1.9978,300,694.73,-5.9822e-14,0,0.54698,72.173,0.46592,154.9,1.0132e+05,1.174,1,0.14,0.14,0,1
1.9978,300,694.73,-6.0521e-14,0,0.54698,72.169,0.46592,154.9,1.0132e+05,1.174,1,0.1425,0.1425,0,1
1.9978,300,694.73,-6.122e-14,0,0.54697,72.165,0.46592,154.89,1.0132e+05,1.174,1,0.145,0.145,0,1
1.9978,300,694.73,-6.1918e-14,0,0.54697,72.162,0.46591,154.88,1.0132e+05,1.174,1,0.1475,0.1475,0,1
1.9978,300,694.73,-6.2617e-14,0,0.54697,72.158,0.46591,154.87,1.0132e+05,1.174,1,0.15,0.15,0,1
1.9978,300,694.73,-6.3316e-14,0,0.54697,72.154,0.46591,154.87,1.0132e+05,1.174,1,0.1525,0.1525,0,1
1.9978,300,694.73,-6.4015e-14,0,0.54697,72.151,0.46591,154.86,1.0132e+05,1.174,1,0.155,0.155,0,1
1.9978,300,694.73,-6.3504e-14,0,0.54696,72.147,0.46591,154.85,1.0132e+05,1.174,1,0.1575,0.1575,0,1
1.9978,300,694.73,-6.1785e-14,0,0.54696,72.144,0.46591,154.85,1.0132e+05,1.174,1,0.16,0.16,0,1
1.9978,300,694.73,-6.0065e-14,0,0.54696,72.14,0.4659,154.84,1.0132e+05,1.174,1,0.1625,0.1625,0,1
1.9978,300,694.73,-5.8345e-14,0,0.54696,72.136,0.4659,154.83,1.0132e+05,1.174,1,0.165,0.165,0,1
1.9978,300,694.73,-5.6626e-14,0,0.54695,72.133,0.4659,154.82,1.0132e+05,1.174,1,0.1675,0.1675,0,1
1.9978,300,694.73,-5.4906e-14,0,0.54695,72.129,0.4659,154.82,1.0132e+05,1.174,1,0.17,0.17,0,1
1.9978,300,694.73,-5.3187e-14,0,0.54695,72.126,0.4659,154.81,1.0132e+05,1.174,1,0.1725,0.1725,0,1
1.9978,300,694.73,-5.1467e-14,0,0.54695,72.122,0.46589,154.8,1.0132e+05,1.174,1,0.175,0.175,0,1
1.9978,300,694.73,-4.9747e-14,0,0.54694,72.118,0.46589,154.8,1.0132e+05,1.174,1,0.1775,0.1775,0,1
1.9978,300,694.73,-4.8028e-14,0,0.54694,72.115,0.46589,154.79,1.0132e+05,1.174,1,0.18,0.18,0,1
1.9978,300,694.73,-4.6308e-14,0,0.54694,72.111,0.46589,154.78,1.0132e+05,1.174,1,0.1825,0.1825,0,1
1.9978,300,694.73,-4.4588e-14,0,0.54694,72.107,0.46589,154.77,1.0132e+05,1.174,1,0.185,0.185,0,1
1.9978,300,694.73,-4.2869e-14,0,0.54694,72.104,0.46588,154.77,1.0132e+05,1.174,1,0.1875,0.1875,0,1
1.9978,300,694.73,-4.0926e-14,0,0.54693,72.1,0.46588,154.76,1.0132e+05,1.174,1,0.19,0.19,0,1
1.9978,300,694.73,-3.8984e-14,0,0.54693,72.097,0.46588,154.75,1.0132e+05,1.174,1,0.1925,0.1925,0,1
1.9978,300,694.73,-3.7041e-14,0,0.54693,72.093,0.46588,154.75,1.0132e+05,1.174,1,0.195,0.195,0,1
1.9978,300,694.73,-3.5099e-14,0,0.54693,72.089,0.46588,154.74,1.0132e+05,1.174,1,0.1975,0.1975,0,1
1.9978,300,694.73,-3.3156e-14,0,0.54692,72.086,0.46587,154.73,1.0132e+05,1.174,1,0.2,0.2,0,1
1.9978,300,694.73,-3.1214e-14,0,0.54692,72.082,0.46587,154.73,1.0132e+05,1.174,1,0.2025,0.2025,0,1
1.9978,300,694.73,-2.9271e-14,0,0.54692,72.079,0.46587,154.72,1.0132e+05,1.174,1,0.205,0.205,0,1
1.9978,300,694.73,-2.7329e-14,0,0.54692,72.075,0.46587,154.71,1.0132e+05,1.174,1,0.2075,0.2075,0,1
1.9978,300,694.73,-2.5386e-14,0,0.54691,72.071,0.46587,154.7,1.0132e+05,1.174,1,0.21,0.21,0,1
1.9978,300,694.73,-2.3444e-14,0,0.54691,72.068,0.46586,154.7,1.0132e+05,1.174,1,0.2125,0.2125,0,1
1.9978,300,694.73,-2.1501e-14,0,0.54691,72.064,0.46586,154.69,1.0132e+05,1.174,1,0.215,0.215,0,1
1.9978,300,694.73,-1.9559e-14,0,0.54691,72.061,0.46586,154.68,1.0132e+05,1.174,1,0.2175,0.2175,0,1
1.9978,300,694.73,-1.8042e-14,0,0.54691,72.057,0.46586,154.68,1.0132e+05,1.174,1,0.22,0.22,0,1
1.9978,300,694.73,-1.6951e-14,0,0.5469,72.053,0.46586,154.67,1.0132e+05,1.174,1,0.2225,0.2225,0,1
1.9978,300,694.73,-1.586e-14,0,0.5469,72.05,0.46585,154.66,1.0132e+05,1.174,1,0.225,0.225,0,1
1.9978,300,694.73,-1.4769e-14,0,0.5469,72.046,0.46585,154.65,1.0132e+05,1.174,1,0.2275,0.2275,0,1
1.9978,300,694.73,-1.3677e-14,0,0.5469,72.043,0.46585,154.65,1.0132e+05,1.174,1,0.23,0.23,0,1
1.9978,300,694.73,-1.2586e-14,0,0.54689,72.039,0.46585,154.64,1.0132e+05,1.174,1,0.2325,0.2325,0,1
1.9978,300,694.73,-1.1495e-14,0,0.54689,72.035,0.46585,154.63,1.0132e+05,1.174,1,0.235,0.235,0,1
1.9978,300,694.73,-1.0404e-14,0,0.54689,72.032,0.46584,154.63,1.0132e+05,1.174,1,0.2375,0.2375,0,1
1.9978,300,694.73,-9.3128e-15,0,0.54689,72.028,0.46584,154.62,1.0132e+05,1.174,1,0.24,0.24,0,1
1.9978,300,694.73,-8.2216e-15,0,0.54688,72.024,0.46584,154.61,1.0132e+05,1.174,1,0.2425,0.2425,0,1
1.9978,300,694.73,-7.1305e-15,0,0.54688,72.021,0.46584,154.6,1.0132e+05,1.174,1,0.245,0.245,0,1
1.9978,300,694.73,-6.0393e-15,0,0.54688,72.017,0.46584,154.6,1.0132e+05,1.174,1,0.2475,0.2475,0,1
1.9978,300,694.73,-4.9481e-15,0,0.54688,72.014,0.46583,154.59,1.0132e+05,1.174,1,0.25,0.25,0,1
1.9978,300,694.73,-4.6301e-15,0,0.54688,72.01,0.46583,154.58,1.0132e+05,1.174,1,0.2525,0.2525,0,1
1.9978,300,694.73,-4.3121e-15,0,0.54687,72.006,0.46583,154.58,1.0132e+05,1.174,1,0.255,0.255,0,1
1.9978,300,694.73,-3.9942e-15,0,0.54687,72.003,0.46583,154.57,1.0132e+05,1.174,1,0.2575,0.2575,0,1
1.9978,300,694.73,-3.6762e-15,0,0.54687,71.999,0.46583,154.56,1.0132e+05,1.174,1,0.26,0.26,0,1
1.9978,300,694.73,-3.3582e-15,0,0.54687,71.996,0.46582,154.56,1.0132e+05,1.174,1,0.2625,0.2625,0,1
1.9978,300,694.73,-3.0402e-15,0,0.54686,71.992,0.46582,154.55,1.0132e+05,1.174,1,0.265,0.265,0,1
1.9978,300,694.73,-2.7222e-15,0,0.54686,71.988,0.46582,154.54,1.0132e+05,1.174,1,0.2675,0.2675,0,1
1.9978,300,694.73,-2.4042e-15,0,0.54686,71.985,0.46582,154.53,1.0132e+05,1.174,1,0.27,0.27,0,1
1.9978,300,694.73,-2.0862e-15,0,0.54686,71.981,0.46582,154.53,1.0132e+05,1.174,1,0.2725,0.2725,0,1
1.9978,300,694.73,-1.7682e-15,0,0.54685,71.978,0.46581,154.52,1.0132e+05,1.174,1,0.275,0.275,0,1
1.9978,300,694.73,-1.4502e-15,0,0.54685,71.974,0.46581,154.51,1.0132e+05,1.174,1,0.2775,0.2775,0,1
1.9978,300,694.73,-1.1322e-15,0,0.54685,71.97,0.46581,154.51,1.0132e+05,1.174,1,0.28,0.28,0,1
1.9978,300,694.73,-5.1157e-16,0,0.54685,71.967,0.46581,154.5,1.0132e+05,1.174,1,0.2825,0.2825,0,1
1.9978,300,694.73,4.1178e-16,0,0.54685,71.963,0.46581,154.49,1.0132e+05,1.174,1,0.285,0.285,0,1
1.9978,300,694.73,1.3351e-15,0,0.54684,71.96,0.4658,154.48,1.0132e+05,1.174,1,0.2875,0.2875,0,1
1.9978,300,694.73,2.2585e-15,0,0.54684,71.956,0.4658,154.48,1.0132e+05,1.174,1,0.29,0.29,0,1
1.9978,300,694.73,3.1818e-15,0,0.54684,71.952,0.4658,154.47,1.0132e+05,1.174,1,0.2925,0.2925,0,1
1.9978,300,694.73,4.1052e-15,0,0.54684,71.949,0.4658,154.46,1.0132e+05,1.174,1,0.295,0.295,0,1
1.9978,300,694.73,5.0285e-15,0,0.54683,71.945,0.4658,154.46,1.0132e+05,1.174,1,0.2975,0.2975,0,1
1.9978,300,694.73,5.9519e-15,0,0.54683,71.942,0.46579,154.45,1.0132e+05,1.174,1,0.3,0.3,0,1
1.9978,300,694.73,6.8752e-15,0,0.54683,71.938,0.46579,154.44,1.0132e+05,1.174,1,0.3025,0.3025,0,1
1.9978,300,694.73,7.7986e-15,0,0.54683,71.934,0.46579,154.44,1.0132e+05,1.174,1,0.305,0.305,0,1
1.9978,300,694.73,8.7219e-15,0,0.54682,71.931,0.46579,154.43,1.0132e+05,1.174,1,0.3075,0.3075,0,1
1.9978,300,694.73,9.6453e-15,0,0.54682,71.927,0.46579,154.42,1.0132e+05,1.174,1,0.31,0.31,0,1
1.9978,300,694.73,1.0569e-14,0,0.54682,71.924,0.46578,154.41,1.0132e+05,1.174,1,0.3125,0.3125,0,1
1.9978,300,694.73,1.1067e-14,0,0.54682,71.92,0.46578,154.41,1.0132e+05,1.174,1,0.315,0.315,0,1
1.9978,300,694.73,1.1566e-14,0,0.54681,71.916,0.46578,154.4,1.0132e+05,1.174,1,0.3175,0.3175,0,1
1.9978,300,694.73,1.2065e-14,0,0.54681,71.913,0.46578,154.39,1.0132e+05,1.174,1,0.32,0.32,0,1
1.9978,300,694.73,1.2564e-14,0,0.54681,71.909,0.46578,154.39,1.0132e+05,1.174,1,0.3225,0.3225,0,1
1.9978,300,694.73,1.3063e-14,0,0.54681,71.906,0.46577,154.38,1.0132e+05,1.174,1,0.325,0.325,0,1
1.9978,300,694.73,1.3562e-14,0,0.54681,71.902,0.46577,154.37,1.0132e+05,1.174,1,0.3275,0.3275,0,1
1.9978,300,694.73,1.406e-14,0,0.5468,71.899,0.46577,154.36,1.0132e+05,1.174,1,0.33,0.33,0,1
1.9978,300,694.73,1.4559e-14,0,0.5468,71.895,0.46577,154.36,1.0132e+05,1.174,1,0.3325,0.3325,0,1
1.9978,300,694.73,1.5058e-14,0,0.5468,71.891,0.46577,154.35,1.0132e+05,1.174,1,0.335,0.335,0,1
1.9978,300,694.73,1.5557e-14,0,0.5468,71.888,0.46576,154.34,1.0132e+05,1.174,1,0.3375,0.3375,0,1
1.9978,300,694.73,1.6056e-14,0,0.54679,71.884,0.46576,154.34,1.0132e+05,1.174,1,0.34,0.34,0,1
1.9978,300,694.73,1.6554e-14,0,0.54679,71.881,0.46576,154.33,1.0132e+05,1.174,1,0.3425,0.3425,0,1
1.9978,300,694.73,1.6699e-14,0,0.54679,71.877,0.46576,154.32,1.0132e+05,1.174,1,0.345,0.345,0,1
1.9978,300,694.73,1.649e-14,0,0.54679,71.873,0.46576,154.32,1.0132e+05,1.174,1,0.3475,0.3475,0,1
1.9978,300,694.73,1.6281e-14,0,0.54678,71.87,0.46575,154.31,1.0132e+05,1.174,1,0.35,0.35,0,1
1.9978,300,694.73,1.6072e-14,0,0.54678,71.866,0.46575,154.3,1.0132e+05,1.174,1,0.3525,0.3525,0,1
1.9978,300,694.73,1.5863e-14,0,0.54678,71.863,0.46575,154.29,1.0132e+05,1.174,1,0.355,0.355,0,1
1.9978,300,694.73,1.5654e-14,0,0.54678,71.859,0.46575,154.29,1.0132e+05,1.174,1,0.3575,0.3575,0,1
1.9978,300,694.73,1.5445e-14,0,0.54677,71.855,0.46575,154.28,1.0132e+05,1.174,1,0.36,0.36,0,1
1.9978,300,694.73,1.5236e-14,0,0.54677,71.852,0.46574,154.27,1.0132e+05,1.174,1,0.3625,0.3625,0,1
1.9978,300,694.73,1.5027e-14,0,0.54677,71.848,0.46574,154.27,1.0132e+05,1.174,1,0.365,0.365,0,1
1.9978,300,694.73,1.4818e-14,0,0.54677,71.845,0.46574,154.26,1.0132e+05,1.174,1,0.3675,0.3675,0,1
1.9978,300,694.73,1.4609e-14,0,0.54676,71.841,0.46574,154.25,1.0132e+05,1.174,1,0.37,0.37,0,1
1.9978,300,694.73,1.4399e-14,0,0.54676,71.837,0.46574,154.25,1.0132e+05,1.174,1,0.3725,0.3725,0,1
1.9978,300,694.73,1.419e-14,0,0.54676,71.834,0.46573,154.24,1.0132e+05,1.174,1,0.375,0.375,0,1
1.9978,300,694.73,1.5004e-14,0,0.54676,71.83,0.46573,154.23,1.0132e+05,1.174,1,0.3775,0.3775,0,1
1.9978,300,694.73,1.5818e-14,0,0.54676,71.827,0.46573,154.22,1.0132e+05,1.174,1,0.38,0.38,0,1
1.9978,300,694.73,1.6631e-14,0,0.54675,71.823,0.46573,154.22,1.0132e+05,1.174,1,0.3825,0.3825,0,1
1.9978,300,694.73,1.7445e-14,0,0.54675,71.82,0.46573,154.21,1.0132e+05,1.174,1,0.385,0.385,0,1
1.9978,300,694.73,1.8259e-14,0,0.54675,71.816,0.46572,154.2,1.0132e+05,1.174,1,0.3875,0.3875,0,1
1.9978,300,694.73,1.9072e-14,0,0.54675,71.812,0.46572,154.2,1.0132e+05,1.174,1,0.39,0.39,0,1
1.9978,300,694.73,1.9886e-14,0,0.54674,71.809,0.46572,154.19,1.0132e+05,1.174,1,0.3925,0.3925,0,1
1.9978,300,694.73,2.0699e-14,0,0.54674,71.805,0.46572,154.18,1.0132e+05,1.174,1,0.395,0.395,0,1
1.9978,300,694.73,2.1513e-14,0,0.54674,71.802,0.46572,154.17,1.0132e+05,1.174,1,0.3975,0.3975,0,1
1.9978,300,694.73,2.2327e-14,0,0.54674,71.798,0.46571,154.17,1.0132e+05,1.174,1,0.4,0.4,0,1
1.9978,300,694.73,2.314e-14,0,0.54673,71.794,0.46571,154.16,1.0132e+05,1.174,1,0.4025,0.4025,0,1
1.9978,300,694.73,2.3954e-14,0,0.54673,71.791,0.46571,154.15,1.0132e+05,1.174,1,0.405,0.405,0,1
1.9978,300,694.73,2.4183e-14,0,0.54673,71.787,0.46571,154.15,1.0132e+05,1.174,1,0.4075,0.4075,0,1
1.9978,300,694.73,2.3827e-14,0,0.54673,71.784,0.46571,154.14,1.0132e+05,1.174,1,0.41,0.41,0,1
1.9978,300,694.73,2.347e-14,0,0.54672,71.78,0.4657,154.13,1.0132e+05,1.174,1,0.4125,0.4125,0,1
1.9978,300,694.73,2.3114e-14,0,0.54672,71.777,0.4657,154.13,1.0132e+05,1.174,1,0.415,0.415,0,1
1.9978,300,694.73,2.2758e-14,0,0.54672,71.773,0.4657,154.12,1.0132e+05,1.174,1,0.4175,0.4175,0,1
1.9978,300,694.73,2.2402e-14,0,0.54672,71.769,0.4657,154.11,1.0132e+05,1.174,1,0.42,0.42,0,1
1.9978,300,694.73,2.2046e-14,0,0.54671,71.766,0.4657,154.1,1.0132e+05,1.174,1,0.4225,0.4225,0,1
1.9978,300,694.73,2.169e-14,0,0.54671,71.762,0.46569,154.1,1.0132e+05,1.174,1,0.425,0.425,0,1
1.9978,300,694.73,2.1334e-14,0,0.54671,71.759,0.46569,154.09,1.0132e+05,1.174,1,0.4275,0.4275,0,1
1.9978,300,694.73,2.0978e-14,0,0.54671,71.755,0.46569,154.08,1.0132e+05,1.174,1,0.43,0.43,0,1
1.9978,300,694.73,2.0622e-14,0,0.5467,71.752,0.46569,154.08,1.0132e+05,1.174,1,0.4325,0.4325,0,1
1.9978,300,694.73,2.0266e-14,0,0.5467,71.748,0.46569,154.07,1.0132e+05,1.174,1,0.435,0.435,0,1
1.9978,300,694.73,1.991e-14,0,0.5467,71.744,0.46568,154.06,1.0132e+05,1.174,1,0.4375,0.4375,0,1
1.9978,300,694.73,1.6952e-14,0,0.5467,71.741,0.46568,154.06,1.0132e+05,1.174,1,0.44,0.44,0,1
1.9978,300,694.73,1.3994e-14,0,0.5467,71.737,0.46568,154.05,1.0132e+05,1.174,1,0.4425,0.4425,0,1
1.9978,300,694.73,1.1036e-14,0,0.54669,71.734,0.46568,154.04,1.0132e+05,1.174,1,0.445,0.445,0,1
1.9978,300,694.73,8.0779e-15,0,0.54669,71.73,0.46567,154.03,1.0132e+05,1.174,1,0.4475,0.4475,0,1
1.9978,300,694.73,5.12e-15,0,0.54669,71.726,0.46567,154.03,1.0132e+05,1.174,1,0.45,0.45,0,1
1.9978,300,694.73,2.162e-15,0,0.54669,71.723,0.46567,154.02,1.0132e+05,1.174,1,0.4525,0.4525,0,1
1.9978,300,694.73,-7.9594e-16,0,0.54668,71.719,0.46567,154.01,1.0132e+05,1.174,1,0.455,0.455,0,1
1.9978,300,694.73,-3.7539e-15,0,0.54668,71.716,0.46567,154.01,1.0132e+05,1.174,1,0.4575,0.4575,0,1
1.9978,300,694.73,-6.7118e-15,0,0.54668,71.712,0.46566,154,1.0132e+05,1.174,1,0.46,0.46,0,1
1.9978,300,694.73,-9.6697e-15,0,0.54668,71.709,0.46566,153.99,1.0132e+05,1.174,1,0.4625,0.4625,0,1
1.9978,300,694.73,-1.2628e-14,0,0.54667,71.705,0.46566,153.99,1.0132e+05,1.174,1,0.465,0.465,0,1
1.9978,300,694.73,-1.5586e-14,0,0.54667,71.701,0.46566,153.98,1.0132e+05,1.174,1,0.4675,0.4675,0,1
1.9978,300,694.73,-1.7678e-14,0,0.54667,71.698,0.46566,153.97,1.0132e+05,1.174,1,0.47,0.47,0,1
1.9978,300,694.73,-1.8906e-14,0,0.54667,71.694,0.46565,153.97,1.0132e+05,1.174,1,0.4725,0.4725,0,1
1.9978,300,694.73,-2.0133e-14,0,0.54666,71.691,0.46565,153.96,1.0132e+05,1.174,1,0.475,0.475,0,1
1.9978,300,694.73,-2.1361e-14,0,0.54666,71.687,0.46565,153.95,1.0132e+05,1.174,1,0.4775,0.4775,0,1
1.9978,300,694.73,-2.2588e-14,0,0.54666,71.684,0.46565,153.94,1.0132e+05,1.174,1,0.48,0.48,0,1
1.9978,300,694.73,-2.3816e-14,0,0.54666,71.68,0.46565,153.94,1.0132e+05,1.174,1,0.4825,0.4825,0,1
1.9978,300,694.73,-2.5043e-14,0,0.54665,71.676,0.46564,153.93,1.0132e+05,1.174,1,0.485,0.485,0,1
1.9978,300,694.73,-2.627e-14,0,0.54665,71.673,0.46564,153.92,1.0132e+05,1.174,1,0.4875,0.4875,0,1
1.9978,300,694.73,-2.7498e-14,0,0.54665,71.669,0.46564,153.92,1.0132e+05,1.174,1,0.49,0.49,0,1
1.9978,300,694.73,-2.8725e-14,0,0.54665,71.666,0.46564,153.91,1.0132e+05,1.174,1,0.4925,0.4925,0,1
1.9978,300,694.73,-2.9953e-14,0,0.54664,71.662,0.46563,153.9,1.0132e+05,1.174,1,0.495,0.495,0,1
1.9978,300,694.73,-3.118e-14,0,0.54664,71.659,0.46563,153.9,1.0132e+05,1.174,1,0.4975,0.4975,0,1
1.9978,300,694.73,-3.2408e-14,0,0.54664,71.655,0.46563,153.89,1.0132e+05,1.174,1,0.5,0.5,0,1
1.9978,300,694.73,-3.2923e-14,0,0.54664,71.651,0.46563,153.88,1.0132e+05,1.174,1,0.5025,0.5025,0,1
1.9978,300,694.73,-3.3438e-14,0,0.54663,71.648,0.46563,153.87,1.0132e+05,1.174,1,0.505,0.505,0,1
1.9978,300,694.73,-3.3953e-14,0,0.54663,71.644,0.46562,153.87,1.0132e+05,1.174,1,0.5075,0.5075,0,1
1.9978,300,694.73,-3.4469e-14,0,0.54663,71.641,0.46562,153.86,1.0132e+05,1.174,1,0.51,0.51,0,1
1.9978,300,694.73,-3.4984e-14,0,0.54663,71.637,0.46562,153.85,1.0132e+05,1.174,1,0.5125,0.5125,0,1
1.9978,300,694.73,-3.5499e-14,0,0.54662,71.634,0.46562,153.85,1.0132e+05,1.174,1,0.515,0.515,0,1
1.9978,300,694.73,-3.6014e-14,0,0.54662,71.63,0.46562,153.84,1.0132e+05,1.174,1,0.5175,0.5175,0,1
1.9978,300,694.73,-3.653e-14,0,0.54662,71.626,0.46561,153.83,1.0132e+05,1.174,1,0.52,0.52,0,1
1.9978,300,694.73,-3.7045e-14,0,0.54661,71.623,0.46561,153.83,1.0132e+05,1.174,1,0.5225,0.5225,0,1
1.9978,300,694.73,-3.756e-14,0,0.54661,71.619,0.46561,153.82,1.0132e+05,1.174,1,0.525,0.525,0,1
1.9978,300,694.73,-3.8075e-14,0,0.54661,71.616,0.46561,153.81,1.0132e+05,1.174,1,0.5275,0.5275,0,1
1.9978,300,694.73,-3.8591e-14,0,0.54661,71.612,0.4656,153.8,1.0132e+05,1.174,1,0.53,0.53,0,1
1.9978,300,694.73,-3.9075e-14,0,0.5466,71.609,0.4656,153.8,1.0132e+05,1.174,1,0.5325,0.5325,0,1
1.9978,300,694.73,-3.9527e-14,0,0.5466,71.605,0.4656,153.79,1.0132e+05,1.174,1,0.535,0.535,0,1
1.9978,300,694.73,-3.998e-14,0,0.5466,71.602,0.4656,153.78,1.0132e+05,1.174,1,0.5375,0.5375,0,1
1.9978,300,694.73,-4.0432e-14,0,0.5466,71.598,0.4656,153.78,1.0132e+05,1.174,1,0.54,0.54,0,1
1.9978,300,694.73,-4.0885e-14,0,0.54659,71.594,0.46559,153.77,1.0132e+05,1.174,1,0.5425,0.5425,0,1
1.9978,300,694.73,-4.1337e-14,0,0.54659,71.591,0.46559,153.76,1.0132e+05,1.174,1,0.545,0.545,0,1
1.9978,300,694.73,-4.179e-14,0,0.54659,71.587,0.46559,153.76,1.0132e+05,1.174,1,0.5475,0.5475,0,1
1.9978,300,694.73,-4.2242e-14,0,0.54659,71.584,0.46559,153.75,1.0132e+05,1.174,1,0.55,0.55,0,1
1.9978,300,694.73,-4.2695e-14,0,0.54658,71.58,0.46558,153.74,1.0132e+05,1.174,1,0.5525,0.5525,0,1
1.9978,300,694.73,-4.3147e-14,0,0.54658,71.577,0.46558,153.74,1.0132e+05,1.174,1,0.555,0.555,0,1
1.9978,300,694.73,-4.36e-14,0,0.54658,71.573,0.46558,153.73,1.0132e+05,1.174,1,0.5575,0.5575,0,1
1.9978,300,694.73,-4.4052e-14,0,0.54658,71.57,0.46558,153.72,1.0132e+05,1.174,1,0.56,0.56,0,1
1.9978,300,694.73,-4.4505e-14,0,0.54657,71.566,0.46558,153.71,1.0132e+05,1.174,1,0.5625,0.5625,0,1
1.9978,300,694.73,-4.3411e-14,0,0.54657,71.562,0.46557,153.71,1.0132e+05,1.174,1,0.565,0.565,0,1
1.9978,300,694.73,-4.2318e-14,0,0.54657,71.559,0.46557,153.7,1.0132e+05,1.174,1,0.5675,0.5675,0,1
1.9978,300,694.73,-4.1224e-14,0,0.54657,71.555,0.46557,153.69,1.0132e+05,1.174,1,0.57,0.57,0,1
1.9978,300,694.73,-4.013e-14,0,0.54656,71.552,0.46557,153.69,1.0132e+05,1.174,1,0.5725,0.5725,0,1
1.9978,300,694.73,-3.9037e-14,0,0.54656,71.548,0.46556,153.68,1.0132e+05,1.174,1,0.575,0.575,0,1
1.9978,300,694.73,-3.7943e-14,0,0.54656,71.545,0.46556,153.67,1.0132e+05,1.174,1,0.5775,0.5775,0,1
1.9978,300,694.73,-3.6849e-14,0,0.54656,71.541,0.46556,153.67,1.0132e+05,1.174,1,0.58,0.58,0,1
1.9978,300,694.73,-3.5756e-14,0,0.54655,71.537,0.46556,153.66,1.0132e+05,1.174,1,0.5825,0.5825,0,1
1.9978,300,694.73,-3.4662e-14,0,0.54655,71.534,0.46556,153.65,1.0132e+05,1.174,1,0.585,0.585,0,1
1.9978,300,694.73,-3.3568e-14,0,0.54655,71.53,0.46555,153.65,1.0132e+05,1.174,1,0.5875,0.5875,0,1
1.9978,300,694.73,-3.2475e-14,0,0.54655,71.527,0.46555,153.64,1.0132e+05,1.174,1,0.59,0.59,0,1
1.9978,300,694.73,-3.1381e-14,0,0.54654,71.523,0.46555,153.63,1.0132e+05,1.174,1,0.5925,0.5925,0,1
1.9978,300,694.73,-3.026e-14,0,0.54654,71.52,0.46555,153.63,1.0132e+05,1.174,1,0.595,0.595,0,1
1.9978,300,694.73,-2.9113e-14,0,0.54654,71.516,0.46554,153.62,1.0132e+05,1.174,1,0.5975,0.5975,0,1
1.9978,300,694.73,-2.7966e-14,0,0.54653,71.513,0.46554,153.61,1.0132e+05,1.174,1,0.6,0.6,0,1
1.9978,300,694.73,-2.6819e-14,0,0.54653,71.509,0.46554,153.6,1.0132e+05,1.174,1,0.6025,0.6025,0,1
1.9978,300,694.73,-2.5672e-14,0,0.54653,71.505,0.46554,153.6,1.0132e+05,1.174,1,0.605,0.605,0,1
1.9978,300,694.73,-2.4525e-14,0,0.54653,71.502,0.46554,153.59,1.0132e+05,1.174,1,0.6075,0.6075,0,1
1.9978,300,694.73,-2.3378e-14,0,0.54652,71.498,0.46553,153.58,1.0132e+05,1.174,1,0.61,0.61,0,1
1.9978,300,694.73,-2.2231e-14,0,0.54652,71.495,0.46553,153.58,1.0132e+05,1.174,1,0.6125,0.6125,0,1
1.9978,300,694.73,-2.1084e-14,0,0.54652,71.491,0.46553,153.57,1.0132e+05,1.174,1,0.615,0.615,0,1
1.9978,300,694.73,-1.9937e-14,0,0.54652,71.488,0.46553,153.56,1.0132e+05,1.174,1,0.6175,0.6175,0,1
1.9978,300,694.73,-1.879e-14,0,0.54651,71.484,0.46552,153.56,1.0132e+05,1.174,1,0.62,0.62,0,1
1.9978,300,694.73,-1.7643e-14,0,0.54651,71.481,0.46552,153.55,1.0132e+05,1.174,1,0.6225,0.6225,0,1
1.9978,300,694.73,-1.6496e-14,0,0.54651,71.477,0.46552,153.54,1.0132e+05,1.174,1,0.625,0.625,0,1
1.9978,300,694.73,-1.4971e-14,0,0.54651,71.473,0.46552,153.54,1.0132e+05,1.174,1,0.6275,0.6275,0,1
1.9978,300,694.73,-1.3446e-14,0,0.5465,71.47,0.46551,153.53,1.0132e+05,1.174,1,0.63,0.63,0,1
1.9978,300,694.73,-1.192e-14,0,0.5465,71.466,0.46551,153.52,1.0132e+05,1.174,1,0.6325,0.6325,0,1
1.9978,300,694.73,-1.0395e-14,0,0.5465,71.463,0.46551,153.52,1.0132e+05,1.174,1,0.635,0.635,0,1
1.9978,300,694.73,-8.8693e-15,0,0.54649,71.459,0.46551,153.51,1.0132e+05,1.174,1,0.6375,0.6375,0,1
1.9978,300,694.73,-7.3439e-15,0,0.54649,71.456,0.46551,153.5,1.0132e+05,1.174,1,0.64,0.64,0,1
1.9978,300,694.73,-5.8185e-15,0,0.54649,71.452,0.4655,153.49,1.0132e+05,1.174,1,0.6425,0.6425,0,1
1.9978,300,694.73,-4.2931e-15,0,0.54649,71.449,0.4655,153.49,1.0132e+05,1.174,1,0.645,0.645,0,1
1.9978,300,694.73,-2.7677e-15,0,0.54648,71.445,0.4655,153.48,1.0132e+05,1.174,1,0.6475,0.6475,0,1
1.9978,300,694.73,-1.2423e-15,0,0.54648,71.442,0.4655,153.47,1.0132e+05,1.174,1,0.65,0.65,0,1
1.9978,300,694.73,2.8308e-16,0,0.54648,71.438,0.46549,153.47,1.0132e+05,1.174,1,0.6525,0.6525,0,1
1.9978,300,694.73,1.8085e-15,0,0.54647,71.434,0.46549,153.46,1.0132e+05,1.174,1,0.655,0.655,0,1
1.9978,300,694.73,3.3649e-15,0,0.54647,71.431,0.46549,153.45,1.0132e+05,1.174,1,0.6575,0.6575,0,1
1.9978,300,694.73,4.9522e-15,0,0.54647,71.427,0.46549,153.45,1.0132e+05,1.174,1,0.66,0.66,0,1
1.9978,300,694.73,6.5395e-15,0,0.54647,71.424,0.46548,153.44,1.0132e+05,1.174,1,0.6625,0.6625,0,1
1.9978,300,694.73,8.1268e-15,0,0.54646,71.42,0.46548,153.43,1.0132e+05,1.174,1,0.665,0.665,0,1
1.9978,300,694.73,9.7141e-15,0,0.54646,71.417,0.46548,153.43,1.0132e+05,1.174,1,0.6675,0.6675,0,1
1.9978,300,694.73,1.1301e-14,0,0.54646,71.413,0.46548,153.42,1.0132e+05,1.174,1,0.67,0.67,0,1
1.9978,300,694.73,1.2889e-14,0,0.54645,71.41,0.46547,153.41,1.0132e+05,1.174,1,0.6725,0.6725,0,1
1.9978,300,694.73,1.4476e-14,0,0.54645,71.406,0.46547,153.41,1.0132e+05,1.174,1,0.675,0.675,0,1
1.9978,300,694.73,1.6063e-14,0,0.54645,71.403,0.46547,153.4,1.0132e+05,1.174,1,0.6775,0.6775,0,1
1.9978,300,694.73,1.7651e-14,0,0.54645,71.399,0.46547,153.39,1.0132e+05,1.174,1,0.68,0.68,0,1
1.9978,300,694.73,1.9238e-14,0,0.54644,71.395,0.46546,153.39,1.0132e+05,1.174,1,0.6825,0.6825,0,1
1.9978,300,694.73,2.0825e-14,0,0.54644,71.392,0.46546,153.38,1.0132e+05,1.174,1,0.685,0.685,0,1
1.9978,300,694.73,2.2413e-14,0,0.54644,71.388,0.46546,153.37,1.0132e+05,1.174,1,0.6875,0.6875,0,1
1.9978,300,694.73,2.3201e-14,0,0.54643,71.385,0.46546,153.36,1.0132e+05,1.174,1,0.69,0.69,0,1
1.9978,300,694.73,2.3989e-14,0,0.54643,71.381,0.46545,153.36,1.0132e+05,1.174,1,0.6925,0.6925,0,1
1.9978,300,694.73,2.4778e-14,0,0.54643,71.378,0.46545,153.35,1.0132e+05,1.174,1,0.695,0.695,0,1
1.9978,300,694.73,2.5566e-14,0,0.54643,71.374,0.46545,153.34,1.0132e+05,1.174,1,0.6975,0.6975,0,1
1.9978,300,694.73,2.6354e-14,0,0.54642,71.371,0.46545,153.34,1.0132e+05,1.174,1,0.7,0.7,0,1
1.9978,300,694.73,2.7143e-14,0,0.54642,71.367,0.46544,153.33,1.0132e+05,1.174,1,0.7025,0.7025,0,1
1.9978,300,694.73,2.7931e-14,0,0.54642,71.364,0.46544,153.32,1.0132e+05,1.174,1,0.705,0.705,0,1
1.9978,300,694.73,2.8719e-14,0,0.54641,71.36,0.46544,153.32,1.0132e+05,1.174,1,0.7075,0.7075,0,1
1.9978,300,694.73,2.9507e-14,0,0.54641,71.356,0.46544,153.31,1.0132e+05,1.174,1,0.71,0.71,0,1
1.9978,300,694.73,3.0296e-14,0,0.54641,71.353,0.46543,153.3,1.0132e+05,1.174,1,0.7125,0.7125,0,1
1.9978,300,694.73,3.1084e-14,0,0.5464,71.349,0.46543,153.3,1.0132e+05,1.174,1,0.715,0.715,0,1
1.9978,300,694.73,3.1872e-14,0,0.5464,71.346,0.46543,153.29,1.0132e+05,1.174,1,0.7175,0.7175,0,1
1.9978,300,694.73,3.2686e-14,0,0.5464,71.342,0.46543,153.28,1.0132e+05,1.174,1,0.72,0.72,0,1
1.9978,300,694.73,3.3524e-14,0,0.5464,71.339,0.46542,153.28,1.0132e+05,1.174,1,0.7225,0.7225,0,1
1.9978,300,694.73,3.4362e-14,0,0.54639,71.335,0.46542,153.27,1.0132e+05,1.174,1,0.725,0.725,0,1
1.9978,300,694.73,3.5201e-14,0,0.54639,71.332,0.46542,153.26,1.0132e+05,1.174,1,0.7275,0.7275,0,1
1.9978,300,694.73,3.6039e-14,0,0.54639,71.328,0.46542,153.26,1.0132e+05,1.174,1,0.73,0.73,0,1
1.9978,300,694.73,3.6877e-14,0,0.54638,71.325,0.46541,153.25,1.0132e+05,1.174,1,0.7325,0.7325,0,1
1.9978,300,694.73,3.7716e-14,0,0.54638,71.321,0.46541,153.24,1.0132e+05,1.174,1,0.735,0.735,0,1
1.9978,300,694.73,3.8554e-14,0,0.54638,71.318,0.46541,153.24,1.0132e+05,1.174,1,0.7375,0.7375,0,1
1.9978,300,694.73,3.9392e-14,0,0.54637,71.314,0.46541,153.23,1.0132e+05,1.174,1,0.74,0.74,0,1
1.9978,300,694.73,4.0231e-14,0,0.54637,71.311,0.4654,153.22,1.0132e+05,1.174,1,0.7425,0.7425,0,1
1.9978,300,694.73,4.1069e-14,0,0.54637,71.307,0.4654,153.22,1.0132e+05,1.174,1,0.745,0.745,0,1
1.9978,300,694.73,4.1907e-14,0,0.54636,71.303,0.4654,153.21,1.0132e+05,1.174,1,0.7475,0.7475,0,1
1.9978,300,694.73,4.2746e-14,0,0.54636,71.3,0.46539,153.2,1.0132e+05,1.174,1,0.75,0.75,0,1
1.9978,300,694.73,4.2754e-14,0,0.54636,71.296,0.46539,153.2,1.0132e+05,1.174,1,0.7525,0.7525,0,1
1.9978,300,694.73,4.2763e-14,0,0.54636,71.293,0.46539,153.19,1.0132e+05,1.174,1,0.755,0.755,0,1
1.9978,300,694.73,4.2771e-14,0,0.54635,71.289,0.46539,153.18,1.0132e+05,1.174,1,0.7575,0.7575,0,1
1.9978,300,694.73,4.2779e-14,0,0.54635,71.286,0.46538,153.18,1.0132e+05,1.174,1,0.76,0.76,0,1
1.9978,300,694.73,4.2788e-14,0,0.54635,71.282,0.46538,153.17,1.0132e+05,1.174,1,0.7625,0.7625,0,1
1.9978,300,694.73,4.2796e-14,0,0.54634,71.279,0.46538,153.16,1.0132e+05,1.174,1,0.765,0.765,0,1
1.9978,300,694.73,4.2805e-14,0,0.54634,71.275,0.46538,153.16,1.0132e+05,1.174,1,0.7675,0.7675,0,1
1.9978,300,694.73,4.2813e-14,0,0.54634,71.272,0.46537,153.15,1.0132e+05,1.174,1,0.77,0.77,0,1
1.9978,300,694.73,4.2821e-14,0,0.54633,71.268,0.46537,153.14,1.0132e+05,1.174,1,0.7725,0.7725,0,1
1.9978,300,694.73,4.283e-14,0,0.54633,71.265,0.46537,153.14,1.0132e+05,1.174,1,0.775,0.775,0,1
1.9978,300,694.73,4.2838e-14,0,0.54633,71.261,0.46536,153.13,1.0132e+05,1.174,1,0.7775,0.7775,0,1
1.9978,300,694.73,4.2847e-14,0,0.54632,71.257,0.46536,153.12,1.0132e+05,1.174,1,0.78,0.78,0,1
1.9978,300,694.73,4.2241e-14,0,0.54632,71.254,0.46536,153.12,1.0132e+05,1.174,1,0.7825,0.7825,0,1
1.9978,300,694.73,4.1022e-14,0,0.54632,71.25,0.46536,153.11,1.0132e+05,1.174,1,0.785,0.785,0,1
1.9978,300,694.73,3.9802e-14,0,0.54631,71.247,0.46535,153.1,1.0132e+05,1.174,1,0.7875,0.7875,0,1
1.9978,300,694.73,3.8582e-14,0,0.54631,71.243,0.46535,153.1,1.0132e+05,1.174,1,0.79,0.79,0,1
1.9978,300,694.73,3.7363e-14,0,0.54631,71.24,0.46535,153.09,1.0132e+05,1.174,1,0.7925,0.7925,0,1
1.9978,300,694.73,3.6143e-14,0,0.5463,71.236,0.46534,153.08,1.0132e+05,1.174,1,0.795,0.795,0,1
1.9978,300,694.73,3.4924e-14,0,0.5463,71.233,0.46534,153.08,1.0132e+05,1.174,1,0.7975,0.7975,0,1
1.9978,300,694.73,3.3704e-14,0,0.5463,71.229,0.46534,153.07,1.0132e+05,1.174,1,0.8,0.8,0,1
1.9978,300,694.73,3.2485e-14,0,0.54629,71.226,0.46534,153.06,1.0132e+05,1.174,1,0.8025,0.8025,0,1
1.9978,300,694.73,3.1265e-14,0,0.54629,71.222,0.46533,153.06,1.0132e+05,1.174,1,0.805,0.805,0,1
1.9978,300,694.73,3.0046e-14,0,0.54629,71.219,0.46533,153.05,1.0132e+05,1.174,1,0.8075,0.8075,0,1
1.9978,300,694.73,2.8826e-14,0,0.54628,71.215,0.46533,153.04,1.0132e+05,1.174,1,0.81,0.81,0,1
1.9978,300,694.73,2.7607e-14,0,0.54628,71.212,0.46532,153.04,1.0132e+05,1.174,1,0.8125,0.8125,0,1
1.9978,300,694.73,2.7048e-14,0,0.54628,71.208,0.46532,153.03,1.0132e+05,1.174,1,0.815,0.815,0,1
1.9978,300,694.73,2.6489e-14,0,0.54627,71.205,0.46532,153.02,1.0132e+05,1.174,1,0.8175,0.8175,0,1
1.9978,300,694.73,2.5931e-14,0,0.54627,71.201,0.46532,153.02,1.0132e+05,1.174,1,0.82,0.82,0,1
1.9978,300,694.73,2.5372e-14,0,0.54626,71.198,0.46531,153.01,1.0132e+05,1.174,1,0.8225,0.8225,0,1
1.9978,300,694.73,2.4814e-14,0,0.54626,71.194,0.46531,153,1.0132e+05,1.174,1,0.825,0.825,0,1
1.9978,300,694.73,2.4255e-14,0,0.54626,71.19,0.46531,153,1.0132e+05,1.174,1,0.8275,0.8275,0,1
1.9978,300,694.73,2.3696e-14,0,0.54625,71.187,0.4653,152.99,1.0132e+05,1.174,1,0.83,0.83,0,1
1.9978,300,694.73,2.3138e-14,0,0.54625,71.183,0.4653,152.98,1.0132e+05,1.174,1,0.8325,0.8325,0,1
1.9978,300,694.73,2.2579e-14,0,0.54625,71.18,0.4653,152.98,1.0132e+05,1.174,1,0.835,0.835,0,1
1.9978,300,694.73,2.202e-14,0,0.54624,71.176,0.46529,152.97,1.0132e+05,1.174,1,0.8375,0.8375,0,1
1.9978,300,694.73,2.1462e-14,0,0.54624,71.173,0.46529,152.96,1.0132e+05,1.174,1,0.84,0.84,0,1
1.9978,300,694.73,2.0903e-14,0,0.54624,71.169,0.46529,152.96,1.0132e+05,1.174,1,0.8425,0.8425,0,1
1.9978,300,694.73,2.0425e-14,0,0.54623,71.166,0.46528,152.95,1.0132e+05,1.174,1,0.845,0.845,0,1
1.9978,300,694.73,2.0026e-14,0,0.54623,71.162,0.46528,152.94,1.0132e+05,1.174,1,0.8475,0.8475,0,1
1.9978,300,694.73,1.9627e-14,0,0.54622,71.159,0.46528,152.94,1.0132e+05,1.174,1,0.85,0.85,0,1
1.9978,300,694.73,1.9229e-14,0,0.54622,71.155,0.46528,152.93,1.0132e+05,1.174,1,0.8525,0.8525,0,1
1.9978,300,694.73,1.883e-14,0,0.54622,71.152,0.46527,152.92,1.0132e+05,1.174,1,0.855,0.855,0,1
1.9978,300,694.73,1.8431e-14,0,0.54621,71.148,0.46527,152.92,1.0132e+05,1.174,1,0.8575,0.8575,0,1
1.9978,300,694.73,1.8033e-14,0,0.54621,71.145,0.46527,152.91,1.0132e+05,1.174,1,0.86,0.86,0,1
1.9978,300,694.73,1.7634e-14,0,0.54621,71.141,0.46526,152.91,1.0132e+05,1.174,1,0.8625,0.8625,0,1
1.9978,300,694.73,1.7235e-14,0,0.5462,71.138,0.46526,152.9,1.0132e+05,1.174,1,0.865,0.865,0,1
1.9978,300,694.73,1.6837e-14,0,0.5462,71.134,0.46526,152.89,1.0132e+05,1.174,1,0.8675,0.8675,0,1
1.9978,300,694.73,1.6438e-14,0,0.54619,71.131,0.46525,152.89,1.0132e+05,1.174,1,0.87,0.87,0,1
1.9978,300,694.73,1.6039e-14,0,0.54619,71.127,0.46525,152.88,1.0132e+05,1.174,1,0.8725,0.8725,0,1
1.9978,300,694.73,1.5641e-14,0,0.54619,71.124,0.46525,152.87,1.0132e+05,1.174,1,0.875,0.875,0,1
1.9978,300,694.73,1.5207e-14,0,0.54618,71.12,0.46524,152.87,1.0132e+05,1.174,1,0.8775,0.8775,0,1
1.9978,300,694.73,1.4773e-14,0,0.54618,71.116,0.46524,152.86,1.0132e+05,1.174,1,0.88,0.88,0,1
1.9978,300,694.73,1.4339e-14,0,0.54618,71.113,0.46524,152.85,1.0132e+05,1.174,1,0.8825,0.8825,0,1
1.9978,300,694.73,1.3905e-14,0,0.54617,71.109,0.46523,152.85,1.0132e+05,1.174,1,0.885,0.885,0,1
1.9978,300,694.73,1.3472e-14,0,0.54617,71.106,0.46523,152.84,1.0132e+05,1.174,1,0.8875,0.8875,0,1
1.9978,300,694.73,1.3038e-14,0,0.54616,71.102,0.46523,152.83,1.0132e+05,1.174,1,0.89,0.89,0,1
1.9978,300,694.73,1.2604e-14,0,0.54616,71.099,0.46522,152.83,1.0132e+05,1.174,1,0.8925,0.8925,0,1
1.9978,300,694.73,1.217e-14,0,0.54616,71.095,0.46522,152.82,1.0132e+05,1.174,1,0.895,0.895,0,1
1.9978,300,694.73,1.1736e-14,0,0.54615,71.092,0.46522,152.81,1.0132e+05,1.174,1,0.8975,0.8975,0,1
1.9978,300,694.73,1.1302e-14,0,0.54615,71.088,0.46521,152.81,1.0132e+05,1.174,1,0.9,0.9,0,1
1.9978,300,694.73,1.0869e-14,0,0.54614,71.085,0.46521,152.8,1.0132e+05,1.174,1,0.9025,0.9025,0,1
1.9978,300,694.73,1.0435e-14,0,0.54614,71.081,0.46521,152.8,1.0132e+05,1.174,1,0.905,0.905,0,1
1.9978,300,694.73,1.045e-14,0,0.54614,71.078,0.4652,152.79,1.0132e+05,1.174,1,0.9075,0.9075,0,1
1.9978,300,694.73,1.0915e-14,0,0.54613,71.074,0.4652,152.78,1.0132e+05,1.174,1,0.91,0.91,0,1
1.9978,300,694.73,1.138e-14,0,0.54613,71.071,0.46519,152.78,1.0132e+05,1.174,1,0.9125,0.9125,0,1
1.9978,300,694.73,1.1845e-14,0,0.54612,71.067,0.46519,152.77,1.0132e+05,1.174,1,0.915,0.915,0,1
1.9978,300,694.73,1.231e-14,0,0.54612,71.064,0.46519,152.76,1.0132e+05,1.174,1,0.9175,0.9175,0,1
1.9978,300,694.73,1.2774e-14,0,0.54611,71.06,0.46518,152.76,1.0132e+05,1.174,1,0.92,0.92,0,1
1.9978,300,694.73,1.3239e-14,0,0.54611,71.057,0.46518,152.75,1.0132e+05,1.174,1,0.9225,0.9225,0,1
1.9978,300,694.73,1.3704e-14,0,0.54611,71.053,0.46518,152.74,1.0132e+05,1.174,1,0.925,0.925,0,1
1.9978,300,694.73,1.4169e-14,0,0.5461,71.05,0.46517,152.74,1.0132e+05,1.174,1,0.9275,0.9275,0,1
1.9978,300,694.73,1.4634e-14,0,0.5461,71.046,0.46517,152.73,1.0132e+05,1.174,1,0.93,0.93,0,1
1.9978,300,694.73,1.5098e-14,0,0.54609,71.043,0.46517,152.73,1.0132e+05,1.174,1,0.9325,0.9325,0,1
1.9978,300,694.73,1.5563e-14,0,0.54609,71.039,0.46516,152.72,1.0132e+05,1.174,1,0.935,0.935,0,1
1.9978,300,694.73,1.6028e-14,0,0.54609,71.036,0.46516,152.71,1.0132e+05,1.174,1,0.9375,0.9375,0,1
1.9978,300,694.73,1.6187e-14,0,0.54608,71.032,0.46516,152.71,1.0132e+05,1.174,1,0.94,0.94,0,1
1.9978,300,694.73,1.6346e-14,0,0.54608,71.029,0.46515,152.7,1.0132e+05,1.174,1,0.9425,0.9425,0,1
1.9978,300,694.73,1.6505e-14,0,0.54607,71.025,0.46515,152.69,1.0132e+05,1.174,1,0.945,0.945,0,1
1.9978,300,694.73,1.6664e-14,0,0.54607,71.022,0.46514,152.69,1.0132e+05,1.174,1,0.9475,0.9475,0,1
1.9978,300,694.73,1.6823e-14,0,0.54606,71.018,0.46514,152.68,1.0132e+05,1.174,1,0.95,0.95,0,1
1.9978,300,694.73,1.6982e-14,0,0.54606,71.015,0.46514,152.67,1.0132e+05,1.174,1,0.9525,0.9525,0,1
1.9978,300,694.73,1.7141e-14,0,0.54606,71.011,0.46513,152.67,1.0132e+05,1.174,1,0.955,0.955,0,1
1.9978,300,694.73,1.73e-14,0,0.54605,71.008,0.46513,152.66,1.0132e+05,1.174,1,0.9575,0.9575,0,1
1.9978,300,694.73,1.7459e-14,0,0.54605,71.004,0.46513,152.66,1.0132e+05,1.174,1,0.96,0.96,0,1
1.9978,300,694.73,1.7618e-14,0,0.54604,71.001,0.46512,152.65,1.0132e+05,1.174,1,0.9625,0.9625,0,1
1.9978,300,694.73,1.7777e-14,0,0.54604,70.997,0.46512,152.64,1.0132e+05,1.174,1,0.965,0.965,0,1
1.9978,300,694.73,1.7936e-14,0,0.54603,70.994,0.46512,152.64,1.0132e+05,1.174,1,0.9675,0.9675,0,1
1.9978,300,694.73,1.7896e-14,0,0.54603,70.99,0.46511,152.63,1.0132e+05,1.174,1,0.97,0.97,0,1
1.9978,300,694.73,1.7656e-14,0,0.54602,70.987,0.46511,152.62,1.0132e+05,1.174,1,0.9725,0.9725,0,1
1.9978,300,694.73,1.7417e-14,0,0.54602,70.983,0.4651,152.62,1.0132e+05,1.174,1,0.975,0.975,0,1
1.9978,300,694.73,1.7178e-14,0,0.54602,70.98,0.4651,152.61,1.0132e+05,1.174,1,0.9775,0.9775,0,1
1.9978,300,694.73,1.6939e-14,0,0.54601,70.976,0.4651,152.61,1.0132e+05,1.174,1,0.98,0.98,0,1
1.9978,300,694.73,1.67e-14,0,0.54601,70.973,0.46509,152.6,1.0132e+05,1.174,1,0.9825,0.9825,0,1
1.9978,300,694.73,1.6461e-14,0,0.546,70.969,0.46509,152.59,1.0132e+05,1.174,1,0.985,0.985,0,1
1.9978,300,694.73,1.6222e-14,0,0.546,70.966,0.46509,152.59,1.0132e+05,1.174,1,0.9875,0.9875,0,1
1.9978,300,694.73,1.5982e-14,0,0.54599,70.962,0.46508,152.58,1.0132e+05,1.174,1,0.99,0.99,0,1
1.9978,300,694.73,1.5743e-14,0,0.54599,70.959,0.46508,152.57,1.0132e+05,1.174,1,0.9925,0.9925,0,1
1.9978,300,694.73,1.5504e-14,0,0.54599,70.955,0.46507,152.57,1.0132e+05,1.174,1,0.995,0.995,0,1
1.9978,300,694.73,1.5265e-14,0,0.54598,70.951,0.46507,152.56,1.0132e+05,1.174,1,0.9975,0.9975,0,1
1.9978,300,694.73,1.5026e-14,0,0.54598,70.948,0.46507,152.55,1.0132e+05,1.174,1,1,1,0,1
1.9978,300,694.73,1.513e-14,0,0.54597,70.944,0.46506,152.55,1.0132e+05,1.174,1,1.0025,1.0025,0,1
1.9978,300,694.73,1.5235e-14,0,0.54597,70.941,0.46506,152.54,1.0132e+05,1.174,1,1.005,1.005,0,1
1.9978,300,694.73,1.5339e-14,0,0.54596,70.938,0.46506,152.54,1.0132e+05,1.174,1,1.0075,1.0075,0,1
1.9978,300,694.73,1.5443e-14,0,0.54596,70.934,0.46505,152.53,1.0132e+05,1.174,1,1.01,1.01,0,1
1.9978,300,694.73,1.5547e-14,0,0.54595,70.93,0.46505,152.52,1.0132e+05,1.174,1,1.0125,1.0125,0,1
1.9978,300,694.73,1.5652e-14,0,0.54595,70.927,0.46504,152.52,1.0132e+05,1.174,1,1.015,1.015,0,1
1.9978,300,694.73,1.5756e-14,0,0.54595,70.924,0.46504,152.51,1.0132e+05,1.174,1,1.0175,1.0175,0,1
1.9978,300,694.73,1.586e-14,0,0.54594,70.92,0.46504,152.5,1.0132e+05,1.174,1,1.02,1.02,0,1
1.9978,300,694.73,1.5965e-14,0,0.54594,70.917,0.46503,152.5,1.0132e+05,1.174,1,1.0225,1.0225,0,1
1.9978,300,694.73,1.6069e-14,0,0.54593,70.913,0.46503,152.49,1.0132e+05,1.174,1,1.025,1.025,0,1
1.9978,300,694.73,1.6173e-14,0,0.54593,70.91,0.46502,152.49,1.0132e+05,1.174,1,1.0275,1.0275,0,1
1.9978,300,694.73,1.6277e-14,0,0.54592,70.906,0.46502,152.48,1.0132e+05,1.174,1,1.03,1.03,0,1
1.9978,300,694.73,1.6281e-14,0,0.54592,70.903,0.46502,152.47,1.0132e+05,1.174,1,1.0325,1.0325,0,1
1.9978,300,694.73,1.6183e-14,0,0.54591,70.899,0.46501,152.47,1.0132e+05,1.174,1,1.035,1.035,0,1
1.9978,300,694.73,1.6086e-14,0,0.54591,70.896,0.46501,152.46,1.0132e+05,1.174,1,1.0375,1.0375,0,1
1.9978,300,694.73,1.5989e-14,0,0.54591,70.892,0.46501,152.45,1.0132e+05,1.174,1,1.04,1.04,0,1
1.9978,300,694.73,1.5891e-14,0,0.5459,70.889,0.465,152.45,1.0132e+05,1.174,1,1.0425,1.0425,0,1
1.9978,300,694.73,1.5794e-14,0,0.5459,70.885,0.465,152.44,1.0132e+05,1.174,1,1.045,1.045,0,1
1.9978,300,694.73,1.5696e-14,0,0.54589,70.882,0.46499,152.44,1.0132e+05,1.174,1,1.0475,1.0475,0,1
1.9978,300,694.73,1.5599e-14,0,0.54589,70.878,0.46499,152.43,1.0132e+05,1.174,1,1.05,1.05,0,1
1.9978,300,694.73,1.5501e-14,0,0.54588,70.875,0.46499,152.42,1.0132e+05,1.174,1,1.0525,1.0525,0,1
1.9978,300,694.73,1.5404e-14,0,0.54588,70.871,0.46498,152.42,1.0132e+05,1.174,1,1.055,1.055,0,1
1.9978,300,694.73,1.5306e-14,0,0.54587,70.868,0.46498,152.41,1.0132e+05,1.174,1,1.0575,1.0575,0,1
1.9978,300,694.73,1.5209e-14,0,0.54587,70.864,0.46498,152.4,1.0132e+05,1.174,1,1.06,1.06,0,1
1.9978,300,694.73,1.5111e-14,0,0.54586,70.861,0.46497,152.4,1.0132e+05,1.174,1,1.0625,1.0625,0,1
1.9978,300,694.73,1.467e-14,0,0.54586,70.857,0.46497,152.39,1.0132e+05,1.174,1,1.065,1.065,0,1
1.9978,300,694.73,1.4229e-14,0,0.54586,70.854,0.46496,152.38,1.0132e+05,1.174,1,1.0675,1.0675,0,1
1.9978,300,694.73,1.3788e-14,0,0.54585,70.85,0.46496,152.38,1.0132e+05,1.174,1,1.07,1.07,0,1
1.9978,300,694.73,1.3347e-14,0,0.54585,70.847,0.46496,152.37,1.0132e+05,1.174,1,1.0725,1.0725,0,1
1.9978,300,694.73,1.2906e-14,0,0.54584,70.843,0.46495,152.37,1.0132e+05,1.174,1,1.075,1.075,0,1
1.9978,300,694.73,1.2465e-14,0,0.54584,70.84,0.46495,152.36,1.0132e+05,1.174,1,1.0775,1.0775,0,1
1.9978,300,694.73,1.2023e-14,0,0.54583,70.836,0.46494,152.35,1.0132e+05,1.174,1,1.08,1.08,0,1
1.9978,300,694.73,1.1582e-14,0,0.54583,70.833,0.46494,152.35,1.0132e+05,1.174,1,1.0825,1.0825,0,1
1.9978,300,694.73,1.1141e-14,0,0.54582,70.829,0.46494,152.34,1.0132e+05,1.174,1,1.085,1.085,0,1
1.9978,300,694.73,1.07e-14,0,0.54582,70.826,0.46493,152.33,1.0132e+05,1.174,1,1.0875,1.0875,0,1
1.9978,300,694.73,1.0259e-14,0,0.54582,70.822,0.46493,152.33,1.0132e+05,1.174,1,1.09,1.09,0,1
1.9978,300,694.73,9.8177e-15,0,0.54581,70.819,0.46493,152.32,1.0132e+05,1.174,1,1.0925,1.0925,0,1
1.9978,300,694.73,9.3186e-15,0,0.54581,70.815,0.46492,152.32,1.0132e+05,1.174,1,1.095,1.095,0,1
1.9978,300,694.73,8.7617e-15,0,0.5458,70.812,0.46492,152.31,1.0132e+05,1.174,1,1.0975,1.0975,0,1
1.9978,300,694.73,8.2048e-15,0,0.5458,70.808,0.46491,152.3,1.0132e+05,1.174,1,1.1,1.1,0,1
1.9978,300,694.73,7.6479e-15,0,0.54579,70.805,0.46491,152.3,1.0132e+05,1.174,1,1.1025,1.1025,0,1
1.9978,300,694.73,7.0909e-15,0,0.54579,70.801,0.46491,152.29,1.0132e+05,1.174,1,1.105,1.105,0,1
1.9978,300,694.73,6.534e-15,0,0.54578,70.798,0.4649,152.28,1.0132e+05,1.174,1,1.1075,1.1075,0,1
1.9978,300,694.73,5.9771e-15,0,0.54578,70.794,0.4649,152.28,1.0132e+05,1.174,1,1.11,1.11,0,1
1.9978,300,694.73,5.4202e-15,0,0.54578,70.791,0.4649,152.27,1.0132e+05,1.174,1,1.1125,1.1125,0,1
1.9978,300,694.73,4.8633e-15,0,0.54577,70.787,0.46489,152.27,1.0132e+05,1.174,1,1.115,1.115,0,1
1.9978,300,694.73,4.3063e-15,0,0.54577,70.784,0.46489,152.26,1.0132e+05,1.174,1,1.1175,1.1175,0,1
1.9978,300,694.73,3.7494e-15,0,0.54576,70.78,0.46488,152.25,1.0132e+05,1.174,1,1.12,1.12,0,1
1.9978,300,694.73,3.1925e-15,0,0.54576,70.777,0.46488,152.25,1.0132e+05,1.174,1,1.1225,1.1225,0,1
1.9978,300,694.73,2.6356e-15,0,0.54575,70.773,0.46488,152.24,1.0132e+05,1.174,1,1.125,1.125,0,1
1.9978,300,694.73,1.2757e-15,0,0.54575,70.77,0.46487,152.23,1.0132e+05,1.174,1,1.1275,1.1275,0,1
1.9978,300,694.73,-8.4185e-17,0,0.54574,70.766,0.46487,152.23,1.0132e+05,1.174,1,1.13,1.13,0,1
1.9978,300,694.73,-1.4441e-15,0,0.54574,70.763,0.46486,152.22,1.0132e+05,1.174,1,1.1325,1.1325,0,1
1.9978,300,694.73,-2.8039e-15,0,0.54574,70.759,0.46486,152.22,1.0132e+05,1.174,1,1.135,1.135,0,1
1.9978,300,694.73,-4.1639e-15,0,0.54573,70.756,0.46486,152.21,1.0132e+05,1.174,1,1.1375,1.1375,0,1
1.9978,300,694.73,-5.5237e-15,0,0.54573,70.752,0.46485,152.2,1.0132e+05,1.174,1,1.14,1.14,0,1
1.9978,300,694.73,-6.8836e-15,0,0.54572,70.749,0.46485,152.2,1.0132e+05,1.174,1,1.1425,1.1425,0,1
1.9978,300,694.73,-8.2435e-15,0,0.54572,70.745,0.46485,152.19,1.0132e+05,1.174,1,1.145,1.145,0,1
1.9978,300,694.73,-9.6034e-15,0,0.54571,70.742,0.46484,152.18,1.0132e+05,1.174,1,1.1475,1.1475,0,1
1.9978,300,694.73,-1.0963e-14,0,0.54571,70.738,0.46484,152.18,1.0132e+05,1.174,1,1.15,1.15,0,1
1.9978,300,694.73,-1.2323e-14,0,0.5457,70.735,0.46483,152.17,1.0132e+05,1.174,1,1.1525,1.1525,0,1
1.9978,300,694.73,-1.3683e-14,0,0.5457,70.731,0.46483,152.17,1.0132e+05,1.174,1,1.155,1.155,0,1
1.9978,300,694.73,-1.5344e-14,0,0.54569,70.728,0.46483,152.16,1.0132e+05,1.174,1,1.1575,1.1575,0,1
1.9978,300,694.73,-1.7305e-14,0,0.54569,70.724,0.46482,152.15,1.0132e+05,1.174,1,1.16,1.16,0,1
1.9978,300,694.73,-1.9267e-14,0,0.54569,70.721,0.46482,152.15,1.0132e+05,1.174,1,1.1625,1.1625,0,1
1.9978,300,694.73,-2.1228e-14,0,0.54568,70.717,0.46482,152.14,1.0132e+05,1.174,1,1.165,1.165,0,1
1.9978,300,694.73,-2.319e-14,0,0.54568,70.714,0.46481,152.13,1.0132e+05,1.174,1,1.1675,1.1675,0,1
1.9978,300,694.73,-2.5151e-14,0,0.54567,70.711,0.46481,152.13,1.0132e+05,1.174,1,1.17,1.17,0,1
1.9978,300,694.73,-2.7113e-14,0,0.54567,70.707,0.4648,152.12,1.0132e+05,1.174,1,1.1725,1.1725,0,1
1.9978,300,694.73,-2.9075e-14,0,0.54566,70.704,0.4648,152.12,1.0132e+05,1.174,1,1.175,1.175,0,1
1.9978,300,694.73,-3.1036e-14,0,0.54566,70.7,0.4648,152.11,1.0132e+05,1.174,1,1.1775,1.1775,0,1
1.9978,300,694.73,-3.2998e-14,0,0.54565,70.697,0.46479,152.1,1.0132e+05,1.174,1,1.18,1.18,0,1
1.9978,300,694.73,-3.4959e-14,0,0.54565,70.693,0.46479,152.1,1.0132e+05,1.174,1,1.1825,1.1825,0,1
1.9978,300,694.73,-3.6921e-14,0,0.54565,70.69,0.46478,152.09,1.0132e+05,1.174,1,1.185,1.185,0,1
1.9978,300,694.73,-3.8882e-14,0,0.54564,70.686,0.46478,152.08,1.0132e+05,1.174,1,1.1875,1.1875,0,1
1.9978,300,694.73,-4.0453e-14,0,0.54564,70.683,0.46478,152.08,1.0132e+05,1.174,1,1.19,1.19,0,1
1.9978,300,694.73,-4.2024e-14,0,0.54563,70.679,0.46477,152.07,1.0132e+05,1.174,1,1.1925,1.1925,0,1
1.9978,300,694.73,-4.3594e-14,0,0.54563,70.676,0.46477,152.07,1.0132e+05,1.174,1,1.195,1.195,0,1
1.9978,300,694.73,-4.5165e-14,0,0.54562,70.672,0.46477,152.06,1.0132e+05,1.174,1,1.1975,1.1975,0,1
1.9978,300,694.73,-4.6736e-14,0,0.54562,70.669,0.46476,152.05,1.0132e+05,1.174,1,1.2,1.2,0,1
1.9978,300,694.73,-4.8306e-14,0,0.54561,70.665,0.46476,152.05,1.0132e+05,1.174,1,1.2025,1.2025,0,1
1.9978,300,694.73,-4.9877e-14,0,0.54561,70.662,0.46475,152.04,1.0132e+05,1.174,1,1.205,1.205,0,1
1.9978,300,694.73,-5.1447e-14,0,0.54561,70.658,0.46475,152.04,1.0132e+05,1.174,1,1.2075,1.2075,0,1
1.9978,300,694.73,-5.3018e-14,0,0.5456,70.655,0.46475,152.03,1.0132e+05,1.174,1,1.21,1.21,0,1
1.9978,300,694.73,-5.4588e-14,0,0.5456,70.651,0.46474,152.02,1.0132e+05,1.174,1,1.2125,1.2125,0,1
1.9978,300,694.73,-5.6159e-14,0,0.54559,70.648,0.46474,152.02,1.0132e+05,1.174,1,1.215,1.215,0,1
1.9978,300,694.73,-5.773e-14,0,0.54559,70.644,0.46473,152.01,1.0132e+05,1.174,1,1.2175,1.2175,0,1
1.9978,300,694.73,-5.8505e-14,0,0.54558,70.641,0.46473,152,1.0132e+05,1.174,1,1.22,1.22,0,1
1.9978,300,694.73,-5.8484e-14,0,0.54558,70.637,0.46473,152,1.0132e+05,1.174,1,1.2225,1.2225,0,1
1.9978,300,694.73,-5.8463e-14,0,0.54557,70.634,0.46472,151.99,1.0132e+05,1.174,1,1.225,1.225,0,1
1.9978,300,694.73,-5.8442e-14,0,0.54557,70.631,0.46472,151.99,1.0132e+05,1.174,1,1.2275,1.2275,0,1
1.9978,300,694.73,-5.8421e-14,0,0.54556,70.627,0.46472,151.98,1.0132e+05,1.174,1,1.23,1.23,0,1
1.9978,300,694.73,-5.8401e-14,0,0.54556,70.624,0.46471,151.97,1.0132e+05,1.174,1,1.2325,1.2325,0,1
1.9978,300,694.73,-5.838e-14,0,0.54556,70.62,0.46471,151.97,1.0132e+05,1.174,1,1.235,1.235,0,1
1.9978,300,694.73,-5.8359e-14,0,0.54555,70.617,0.4647,151.96,1.0132e+05,1.174,1,1.2375,1.2375,0,1
1.9978,300,694.73,-5.8338e-14,0,0.54555,70.613,0.4647,151.95,1.0132e+05,1.174,1,1.24,1.24,0,1
1.9978,300,694.73,-5.8318e-14,0,0.54554,70.61,0.4647,151.95,1.0132e+05,1.174,1,1.2425,1.2425,0,1
1.9978,300,694.73,-5.8297e-14,0,0.54554,70.606,0.46469,151.94,1.0132e+05,1.174,1,1.245,1.245,0,1
1.9978,300,694.73,-5.8276e-14,0,0.54553,70.603,0.46469,151.94,1.0132e+05,1.174,1,1.2475,1.2475,0,1
1.9978,300,694.73,-5.8255e-14,0,0.54553,70.599,0.46469,151.93,1.0132e+05,1.174,1,1.25,1.25,0,1
1.9978,300,694.73,-5.597e-14,0,0.54552,70.596,0.46468,151.92,1.0132e+05,1.174,1,1.2525,1.2525,0,1
1.9978,300,694.73,-5.3685e-14,0,0.54552,70.592,0.46468,151.92,1.0132e+05,1.174,1,1.255,1.255,0,1
1.9978,300,694.73,-5.14e-14,0,0.54552,70.589,0.46467,151.91,1.0132e+05,1.174,1,1.2575,1.2575,0,1
1.9978,300,694.73,-4.9115e-14,0,0.54551,70.585,0.46467,151.9,1.0132e+05,1.174,1,1.26,1.26,0,1
1.9978,300,694.73,-4.683e-14,0,0.54551,70.582,0.46467,151.9,1.0132e+05,1.174,1,1.2625,1.2625,0,1
1.9978,300,694.73,-4.4545e-14,0,0.5455,70.578,0.46466,151.89,1.0132e+05,1.174,1,1.265,1.265,0,1
1.9978,300,694.73,-4.226e-14,0,0.5455,70.575,0.46466,151.89,1.0132e+05,1.174,1,1.2675,1.2675,0,1
1.9978,300,694.73,-3.9976e-14,0,0.54549,70.572,0.46466,151.88,1.0132e+05,1.174,1,1.27,1.27,0,1
1.9978,300,694.73,-3.7691e-14,0,0.54549,70.568,0.46465,151.87,1.0132e+05,1.174,1,1.2725,1.2725,0,1
1.9978,300,694.73,-3.5406e-14,0,0.54548,70.565,0.46465,151.87,1.0132e+05,1.174,1,1.275,1.275,0,1
1.9978,300,694.73,-3.3121e-14,0,0.54548,70.561,0.46464,151.86,1.0132e+05,1.174,1,1.2775,1.2775,0,1
1.9978,300,694.73,-3.0836e-14,0,0.54548,70.558,0.46464,151.85,1.0132e+05,1.174,1,1.28,1.28,0,1
1.9978,300,694.73,-2.8937e-14,0,0.54547,70.554,0.46464,151.85,1.0132e+05,1.174,1,1.2825,1.2825,0,1
1.9978,300,694.73,-2.7425e-14,0,0.54547,70.551,0.46463,151.84,1.0132e+05,1.174,1,1.285,1.285,0,1
1.9978,300,694.73,-2.5913e-14,0,0.54546,70.547,0.46463,151.84,1.0132e+05,1.174,1,1.2875,1.2875,0,1
1.9978,300,694.73,-2.4401e-14,0,0.54546,70.544,0.46462,151.83,1.0132e+05,1.174,1,1.29,1.29,0,1
1.9978,300,694.73,-2.2888e-14,0,0.54545,70.54,0.46462,151.82,1.0132e+05,1.174,1,1.2925,1.2925,0,1
1.9978,300,694.73,-2.1376e-14,0,0.54545,70.537,0.46462,151.82,1.0132e+05,1.174,1,1.295,1.295,0,1
1.9978,300,694.73,-1.9864e-14,0,0.54544,70.533,0.46461,151.81,1.0132e+05,1.174,1,1.2975,1.2975,0,1
1.9978,300,694.73,-1.8352e-14,0,0.54544,70.53,0.46461,151.8,1.0132e+05,1.174,1,1.3,1.3,0,1
1.9978,300,694.73,-1.684e-14,0,0.54543,70.526,0.46461,151.8,1.0132e+05,1.174,1,1.3025,1.3025,0,1
1.9978,300,694.73,-1.5328e-14,0,0.54543,70.523,0.4646,151.79,1.0132e+05,1.174,1,1.305,1.305,0,1
1.9978,300,694.73,-1.3815e-14,0,0.54543,70.519,0.4646,151.79,1.0132e+05,1.174,1,1.3075,1.3075,0,1
1.9978,300,694.73,-1.2303e-14,0,0.54542,70.516,0.46459,151.78,1.0132e+05,1.174,1,1.31,1.31,0,1
1.9978,300,694.73,-1.0791e-14,0,0.54542,70.513,0.46459,151.77,1.0132e+05,1.174,1,1.3125,1.3125,0,1
1.9978,300,694.73,-1.1074e-14,0,0.54541,70.509,0.46459,151.77,1.0132e+05,1.174,1,1.315,1.315,0,1
1.9978,300,694.73,-1.1358e-14,0,0.54541,70.506,0.46458,151.76,1.0132e+05,1.174,1,1.3175,1.3175,0,1
1.9978,300,694.73,-1.1641e-14,0,0.5454,70.502,0.46458,151.75,1.0132e+05,1.174,1,1.32,1.32,0,1
1.9978,300,694.73,-1.1924e-14,0,0.5454,70.499,0.46458,151.75,1.0132e+05,1.174,1,1.3225,1.3225,0,1
1.9978,300,694.73,-1.2208e-14,0,0.54539,70.495,0.46457,151.74,1.0132e+05,1.174,1,1.325,1.325,0,1
1.9978,300,694.73,-1.2491e-14,0,0.54539,70.492,0.46457,151.74,1.0132e+05,1.174,1,1.3275,1.3275,0,1
1.9978,300,694.73,-1.2774e-14,0,0.54539,70.488,0.46456,151.73,1.0132e+05,1.174,1,1.33,1.33,0,1
1.9978,300,694.73,-1.3058e-14,0,0.54538,70.485,0.46456,151.72,1.0132e+05,1.174,1,1.3325,1.3325,0,1
1.9978,300,694.73,-1.3341e-14,0,0.54538,70.481,0.46456,151.72,1.0132e+05,1.174,1,1.335,1.335,0,1
1.9978,300,694.73,-1.3624e-14,0,0.54537,70.478,0.46455,151.71,1.0132e+05,1.174,1,1.3375,1.3375,0,1
1.9978,300,694.73,-1.3908e-14,0,0.54537,70.474,0.46455,151.71,1.0132e+05,1.174,1,1.34,1.34,0,1
1.9978,300,694.73,-1.4191e-14,0,0.54536,70.471,0.46454,151.7,1.0132e+05,1.174,1,1.3425,1.3425,0,1
1.9978,300,694.73,-1.4513e-14,0,0.54536,70.468,0.46454,151.69,1.0132e+05,1.174,1,1.345,1.345,0,1
1.9978,300,694.73,-1.4874e-14,0,0.54535,70.464,0.46454,151.69,1.0132e+05,1.174,1,1.3475,1.3475,0,1
1.9978,300,694.73,-1.5234e-14,0,0.54535,70.461,0.46453,151.68,1.0132e+05,1.174,1,1.35,1.35,0,1
1.9978,300,694.73,-1.5595e-14,0,0.54535,70.457,0.46453,151.67,1.0132e+05,1.174,1,1.3525,1.3525,0,1
1.9978,300,694.73,-1.5955e-14,0,0.54534,70.454,0.46453,151.67,1.0132e+05,1.174,1,1.355,1.355,0,1
1.9978,300,694.73,-1.6316e-14,0,0.54534,70.45,0.46452,151.66,1.0132e+05,1.174,1,1.3575,1.3575,0,1
1.9978,300,694.73,-1.6676e-14,0,0.54533,70.447,0.46452,151.66,1.0132e+05,1.174,1,1.36,1.36,0,1
1.9978,300,694.73,-1.7037e-14,0,0.54533,70.443,0.46451,151.65,1.0132e+05,1.174,1,1.3625,1.3625,0,1
1.9978,300,694.73,-1.7397e-14,0,0.54532,70.44,0.46451,151.64,1.0132e+05,1.174,1,1.365,1.365,0,1
1.9978,300,694.73,-1.7758e-14,0,0.54532,70.436,0.46451,151.64,1.0132e+05,1.174,1,1.3675,1.3675,0,1
1.9978,300,694.73,-1.8118e-14,0,0.54531,70.433,0.4645,151.63,1.0132e+05,1.174,1,1.37,1.37,0,1
1.9978,300,694.73,-1.8479e-14,0,0.54531,70.43,0.4645,151.62,1.0132e+05,1.174,1,1.3725,1.3725,0,1
1.9978,300,694.73,-1.884e-14,0,0.54531,70.426,0.4645,151.62,1.0132e+05,1.174,1,1.375,1.375,0,1
1.9978,300,694.73,-1.9288e-14,0,0.5453,70.423,0.46449,151.61,1.0132e+05,1.174,1,1.3775,1.3775,0,1
1.9978,300,694.73,-1.9737e-14,0,0.5453,70.419,0.46449,151.61,1.0132e+05,1.174,1,1.38,1.38,0,1
1.9978,300,694.73,-2.0185e-14,0,0.54529,70.416,0.46448,151.6,1.0132e+05,1.174,1,1.3825,1.3825,0,1
1.9978,300,694.73,-2.0634e-14,0,0.54529,70.412,0.46448,151.59,1.0132e+05,1.174,1,1.385,1.385,0,1
1.9978,300,694.73,-2.1082e-14,0,0.54528,70.409,0.46448,151.59,1.0132e+05,1.174,1,1.3875,1.3875,0,1
1.9978,300,694.73,-2.1531e-14,0,0.54528,70.405,0.46447,151.58,1.0132e+05,1.174,1,1.39,1.39,0,1
1.9978,300,694.73,-2.1979e-14,0,0.54527,70.402,0.46447,151.58,1.0132e+05,1.174,1,1.3925,1.3925,0,1
1.9978,300,694.73,-2.2428e-14,0,0.54527,70.398,0.46447,151.57,1.0132e+05,1.174,1,1.395,1.395,0,1
1.9978,300,694.73,-2.2876e-14,0,0.54527,70.395,0.46446,151.56,1.0132e+05,1.174,1,1.3975,1.3975,0,1
1.9978,300,694.73,-2.3325e-14,0,0.54526,70.392,0.46446,151.56,1.0132e+05,1.174,1,1.4,1.4,0,1
1.9978,300,694.73,-2.3773e-14,0,0.54526,70.388,0.46445,151.55,1.0132e+05,1.174,1,1.4025,1.4025,0,1
1.9978,300,694.73,-2.4222e-14,0,0.54525,70.385,0.46445,151.54,1.0132e+05,1.174,1,1.405,1.405,0,1
1.9978,300,694.73,-2.4653e-14,0,0.54525,70.381,0.46445,151.54,1.0132e+05,1.174,1,1.4075,1.4075,0,1
1.9978,300,694.73,-2.5068e-14,0,0.54524,70.378,0.46444,151.53,1.0132e+05,1.174,1,1.41,1.41,0,1
1.9978,300,694.73,-2.5484e-14,0,0.54524,70.374,0.46444,151.53,1.0132e+05,1.174,1,1.4125,1.4125,0,1
1.9978,300,694.73,-2.5899e-14,0,0.54523,70.371,0.46443,151.52,1.0132e+05,1.174,1,1.415,1.415,0,1
1.9978,300,694.73,-2.6314e-14,0,0.54523,70.367,0.46443,151.51,1.0132e+05,1.174,1,1.4175,1.4175,0,1
1.9978,300,694.73,-2.6729e-14,0,0.54523,70.364,0.46443,151.51,1.0132e+05,1.174,1,1.42,1.42,0,1
1.9978,300,694.73,-2.7144e-14,0,0.54522,70.36,0.46442,151.5,1.0132e+05,1.174,1,1.4225,1.4225,0,1
1.9978,300,694.73,-2.7559e-14,0,0.54522,70.357,0.46442,151.49,1.0132e+05,1.174,1,1.425,1.425,0,1
1.9978,300,694.73,-2.7974e-14,0,0.54521,70.354,0.46442,151.49,1.0132e+05,1.174,1,1.4275,1.4275,0,1
1.9978,300,694.73,-2.8389e-14,0,0.54521,70.35,0.46441,151.48,1.0132e+05,1.174,1,1.43,1.43,0,1
1.9978,300,694.73,-2.8804e-14,0,0.5452,70.347,0.46441,151.48,1.0132e+05,1.174,1,1.4325,1.4325,0,1
1.9978,300,694.73,-2.9219e-14,0,0.5452,70.343,0.4644,151.47,1.0132e+05,1.174,1,1.435,1.435,0,1
1.9978,300,694.73,-2.9634e-14,0,0.54519,70.34,0.4644,151.46,1.0132e+05,1.174,1,1.4375,1.4375,0,1
1.9978,300,694.73,-2.9982e-14,0,0.54519,70.336,0.4644,151.46,1.0132e+05,1.174,1,1.44,1.44,0,1
1.9978,300,694.73,-3.0329e-14,0,0.54519,70.333,0.46439,151.45,1.0132e+05,1.174,1,1.4425,1.4425,0,1
1.9978,300,694.73,-3.0677e-14,0,0.54518,70.329,0.46439,151.45,1.0132e+05,1.174,1,1.445,1.445,0,1
1.9978,300,694.73,-3.1024e-14,0,0.54518,70.326,0.46439,151.44,1.0132e+05,1.174,1,1.4475,1.4475,0,1
1.9978,300,694.73,-3.1372e-14,0,0.54517,70.323,0.46438,151.43,1.0132e+05,1.174,1,1.45,1.45,0,1
1.9978,300,694.73,-3.1719e-14,0,0.54517,70.319,0.46438,151.43,1.0132e+05,1.174,1,1.4525,1.4525,0,1
1.9978,300,694.73,-3.2067e-14,0,0.54516,70.316,0.46437,151.42,1.0132e+05,1.174,1,1.455,1.455,0,1
1.9978,300,694.73,-3.2415e-14,0,0.54516,70.312,0.46437,151.41,1.0132e+05,1.174,1,1.4575,1.4575,0,1
1.9978,300,694.73,-3.2762e-14,0,0.54515,70.309,0.46437,151.41,1.0132e+05,1.174,1,1.46,1.46,0,1
1.9978,300,694.73,-3.311e-14,0,0.54515,70.305,0.46436,151.4,1.0132e+05,1.174,1,1.4625,1.4625,0,1
1.9978,300,694.73,-3.3457e-14,0,0.54515,70.302,0.46436,151.4,1.0132e+05,1.174,1,1.465,1.465,0,1
1.9978,300,694.73,-3.3805e-14,0,0.54514,70.298,0.46435,151.39,1.0132e+05,1.174,1,1.4675,1.4675,0,1
1.9978,300,694.73,-3.4945e-14,0,0.52333,67.485,0.44578,40146,1.0132e+05,1.174,1,1.47,1.47,0,1
1.9978,300,694.73,-3.6877e-14,0,0.47972,61.861,0.40863,1.2013e+05,1.0132e+05,1.174,1,1.4725,1.4725,0,1
1.9978,300,694.73,-3.8809e-14,0,0.43611,56.237,0.37148,2.0012e+05,1.0132e+05,1.174,1,1.475,1.475,0,1
1.9978,300,694.73,-4.0741e-14,0,0.3925,50.614,0.33433,2.8011e+05,1.0132e+05,1.174,1,1.4775,1.4775,0,1
1.9978,300,694.73,-4.2673e-14,0,0.34889,44.99,0.29719,3.601e+05,1.0132e+05,1.174,1,1.48,1.48,0,1
1.9978,300,694.73,-4.4606e-14,0,0.30528,39.366,0.26004,4.4008e+05,1.0132e+05,1.174,1,1.4825,1.4825,0,1
1.9978,300,694.73,-4.6538e-14,0,0.26167,33.742,0.22289,5.2007e+05,1.0132e+05,1.174,1,1.485,1.485,0,1
1.9978,300,694.73,-4.847e-14,0,0.21806,28.119,0.18574,6.0006e+05,1.0132e+05,1.174,1,1.4875,1.4875,0,1
1.9978,300,694.73,-5.0402e-14,0,0.17444,22.495,0.14859,6.8005e+05,1.0132e+05,1.174,1,1.49,1.49,0,1
1.9978,300,694.73,-5.2334e-14,0,0.13083,16.871,0.11145,7.6003e+05,1.0132e+05,1.174,1,1.4925,1.4925,0,1
1.9978,300,694.73,-5.4267e-14,0,0.087222,11.247,0.074296,8.4002e+05,1.0132e+05,1.174,1,1.495,1.495,0,1
1.9978,300,694.73,-5.6199e-14,0,0.043612,5.6239,0.037149,9.2001e+05,1.0132e+05,1.174,1,1.4975,1.4975,0,1
1.9978,300,694.73,-5.8131e-14,0,0,1e-10,0,1e+06,1.0132e+05,1.174,1,1.5,1.5,0,1
1.9978,300,694.73,-5.8391e-14,0,0,1e-10,0,1e+06,1.0132e+05,1.174,1,1.5025,1.5025,0,1
1.9978,300,694.73,-5.8651e-14,0,0,1e-10,0,1e+06,1.0132e+05,1.174,1,1.505,1.505,0,1
1.9978,300,694.73,-5.891e-14,0,0,1e-10,0,1e+06,1.0132e+05,1.174,1,1.5075,1.5075,0,1
1.9978,300,694.73,-5.917e-14,0,0,1e-10,0,1e+06,1.0132e+05,1.174,1,1.51,1.51,0,1
1.9978,300,694.73,-5.943e-14,0,0,1e-10,0,1e+06,1.0132e+05,1.174,1,1.5125,1.5125,0,1
1.9978,300,694.73,-5.969e-14,0,0,1e-10,0,1e+06,1.0132e+05,1.174,1,1.515,1.515,0,1
1.9978,300,694.73,-5.995e-14,0,0,1e-10,0,1e+06,1.0132e+05,1.174,1,1.5175,1.5175,0,1
1.9978,300,694.73,-6.0209e-14,0,0,1e-10,0,1e+06,1.0132e+05,1.174,1,1.52,1.52,0,1
1.9978,300,694.73,-6.0469e-14,0,0,1e-10,0,1e+06,1.0132e+05,1.174,1,1.5225,1.5225,0,1
1.9978,300,694.73,-6.0729e-14,0,0,1e-10,0,1e+06,1.0132e+05,1.174,1,1.525,1.525,0,1
1.9978,300,694.73,-6.0989e-14,0,0,1e-10,0,1e+06,1.0132e+05,1.174,1,1.5275,1.5275,0,1
1.9978,300,694.73,-6.1249e-14,0,0,1e-10,0,1e+06,1.0132e+05,1.174,1,1.53,1.53,0,1
1.9978,300,694.73,-6.176e-14,0,0,1e-10,0,1e+06,1.0132e+05,1.174,1,1.5325,1.5325,0,1
1.9978,300,694.73,-6.2523e-14,0,0,1e-10,0,1e+06,1.0132e+05,1.174,1,1.535,1.535,0,1
1.9978,300,694.73,-6.3287e-14,0,0,1e-10,0,1e+06,1.0132e+05,1.174,1,1.5375,1.5375,0,1
1.9978,300,694.73,-6.405e-14,0,0,1e-10,0,1e+06,1.0132e+05,1.174,1,1.54,1.54,0,1
1.9978,300,694.73,-6.4813e-14,0,0,1e-10,0,1e+06,1.0132e+05,1.174,1,1.5425,1.5425,0,1
1.9978,300,694.73,-6.5576e-14,0,0,1e-10,0,1e+06,1.0132e+05,1.174,1,1.545,1.545,0,1
1.9978,300,694.73,-6.6339e-14,0,0,1e-10,0,1e+06,1.0132e+05,1.174,1,1.5475,1.5475,0,1
1.9978,300,694.73,-6.7103e-14,0,0,1e-10,0,1e+06,1.0132e+05,1.174,1,1.55,1.55,0,1
1.9978,300,694.73,-6.7866e-14,0,0,1e-10,0,1e+06,1.0132e+05,1.174,1,1.5525,1.5525,0,1
1.9978,300,694.73,-6.8629e-14,0,0,1e-10,0,1e+06,1.0132e+05,1.174,1,1.555,1.555,0,1
1.9978,300,694.73,-6.9392e-14,0,0,1e-10,0,1e+06,1.0132e+05,1.174,1,1.5575,1.5575,0,1
1.9978,300,694.73,-7.0155e-14,0,0,1e-10,0,1e+06,1.0132e+05,1.174,1,1.56,1.56,0,1
1.9978,300,694.73,-7.0919e-14,0,0,1e-10,0,1e+06,1.0132e+05,1.174,1,1.5625,1.5625,0,1
1.9978,300,694.73,-7.1124e-14,0,0,1e-10,0,1e+06,1.0132e+05,1.174,1,1.565,1.565,0,1
1.9978,300,694.73,-7.1329e-14,0,0,1e-10,0,1e+06,1.0132e+05,1.174,1,1.5675,1.5675,0,1
1.9978,300,694.73,-7.1534e-14,0,0,1e-10,0,1e+06,1.0132e+05,1.174,1,1.57,1.57,0,1
1.9978,300,694.73,-7.1738e-14,0,0,1e-10,0,1e+06,1.0132e+05,1.174,1,1.5725,1.5725,0,1
1.9978,300,694.73,-7.1943e-14,0,0,1e-10,0,1e+06,1.0132e+05,1.174,1,1.575,1.575,0,1
1.9978,300,694.73,-7.2148e-14,0,0,1e-10,0,1e+06,1.0132e+05,1.174,1,1.5775,1.5775,0,1
1.9978,300,694.73,-7.2353e-14,0,0,1e-10,0,1e+06,1.0132e+05,1.174,1,1.58,1.58,0,1
1.9978,300,694.73,-7.2558e-14,0,0,1e-10,0,1e+06,1.0132e+05,1.174,1,1.5825,1.5825,0,1
1.9978,300,694.73,-7.2763e-14,0,0,1e-10,0,1e+06,1.0132e+05,1.174,1,1.585,1.585,0,1
1.9978,300,694.73,-7.2968e-14,0,0,1e-10,0,1e+06,1.0132e+05,1.174,1,1.5875,1.5875,0,1
1.9978,300,694.73,-7.3173e-14,0,0,1e-10,0,1e+06,1.0132e+05,1.174,1,1.59,1.59,0,1
1.9978,300,694.73,-7.3378e-14,0,0,1e-10,0,1e+06,1.0132e+05,1.174,1,1.5925,1.5925,0,1
1.9978,300,694.73,-7.3137e-14,0,0,1e-10,0,1e+06,1.0132e+05,1.174,1,1.595,1.595,0,1
1.9978,300,694.73,-7.245e-14,0,0,1e-10,0,1e+06,1.0132e+05,1.174,1,1.5975,1.5975,0,1
1.9978,300,694.73,-7.1762e-14,0,0,1e-10,0,1e+06,1.0132e+05,1.174,1,1.6,1.6,0,1
1.9978,300,694.73,-7.1075e-14,0,0,1e-10,0,1e+06,1.0132e+05,1.174,1,1.6025,1.6025,0,1
1.9978,300,694.73,-7.0388e-14,0,0,1e-10,0,1e+06,1.0132e+05,1.174,1,1.605,1.605,0,1
1.9978,300,694.73,-6.9701e-14,0,0,1e-10,0,1e+06,1.0132e+05,1.174,1,1.6075,1.6075,0,1
1.9978,300,694.73,-6.9013e-14,0,0,1e-10,0,1e+06,1.0132e+05,1.174,1,1.61,1.61,0,1
1.9978,300,694.73,-6.8326e-14,0,0,1e-10,0,1e+06,1.0132e+05,1.174,1,1.6125,1.6125,0,1
1.9978,300,694.73,-6.7639e-14,0,0,1e-10,0,1e+06,1.0132e+05,1.174,1,1.615,1.615,0,1
1.9978,300,694.73,-6.6952e-14,0,0,1e-10,0,1e+06,1.0132e+05,1.174,1,1.6175,1.6175,0,1
1.9978,300,694.73,-6.6265e-14,0,0,1e-10,0,1e+06,1.0132e+05,1.174,1,1.62,1.62,0,1
1.9978,300,694.73,-6.5577e-14,0,0,1e-10,0,1e+06,1.0132e+05,1.174,1,1.6225,1.6225,0,1
1.9978,300,694.73,-6.489e-14,0,0,1e-10,0,1e+06,1.0132e+05,1.174,1,1.625,1.625,0,1
1.9978,300,694.73,-6.418e-14,0,0,1e-10,0,1e+06,1.0132e+05,1.174,1,1.6275,1.6275,0,1
1.9978,300,694.73,-6.3469e-14,0,0,1e-10,0,1e+06,1.0132e+05,1.174,1,1.63,1.63,0,1
1.9978,300,694.73,-6.2759e-14,0,0,1e-10,0,1e+06,1.0132e+05,1.174,1,1.6325,1.6325,0,1
1.9978,300,694.73,-6.2049e-14,0,0,1e-10,0,1e+06,1.0132e+05,1.174,1,1.635,1.635,0,1
1.9978,300,694.73,-6.1339e-14,0,0,1e-10,0,1e+06,1.0132e+05,1.174,1,1.6375,1.6375,0,1
1.9978,300,694.73,-6.0628e-14,0,0,1e-10,0,1e+06,1.0132e+05,1.174,1,1.64,1.64,0,1
1.9978,300,694.73,-5.9918e-14,0,0,1e-10,0,1e+06,1.0132e+05,1.174,1,1.6425,1.6425,0,1
1.9978,300,694.73,-5.9208e-14,0,0,1e-10,0,1e+06,1.0132e+05,1.174,1,1.645,1.645,0,1
1.9978,300,694.73,-5.8497e-14,0,0,1e-10,0,1e+06,1.0132e+05,1.174,1,1.6475,1.6475,0,1
1.9978,300,694.73,-5.7787e-14,0,0,1e-10,0,1e+06,1.0132e+05,1.174,1,1.65,1.65,0,1
1.9978,300,694.73,-5.7077e-14,0,0,1e-10,0,1e+06,1.0132e+05,1.174,1,1.6525,1.6525,0,1
1.9978,300,694.73,-5.6366e-14,0,0,1e-10,0,1e+06,1.0132e+05,1.174,1,1.655,1.655,0,1
1.9978,300,694.73,-5.5364e-14,0,0,1e-10,0,1e+06,1.0132e+05,1.174,1,1.6575,1.6575,0,1
1.9978,300,694.73,-5.4071e-14,0,0,1e-10,0,1e+06,1.0132e+05,1.174,1,1.66,1.66,0,1
1.9978,300,694.73,-5.2777e-14,0,0,1e-10,0,1e+06,1.0132e+05,1.174,1,1.6625,1.6625,0,1
1.9978,300,694.73,-5.1484e-14,0,0,1e-10,0,1e+06,1.0132e+05,1.174,1,1.665,1.665,0,1
1.9978,300,694.73,-5.019e-14,0,0,1e-10,0,1e+06,1.0132e+05,1.174,1,1.6675,1.6675,0,1
1.9978,300,694.73,-4.8896e-14,0,0,1e-10,0,1e+06,1.0132e+05,1.174,1,1.67,1.67,0,1
1.9978,300,694.73,-4.7603e-14,0,0,1e-10,0,1e+06,1.0132e+05,1.174,1,1.6725,1.6725,0,1
1.9978,300,694.73,-4.6309e-14,0,0,1e-10,0,1e+06,1.0132e+05,1.174,1,1.675,1.675,0,1
1.9978,300,694.73,-4.5016e-14,0,0,1e-10,0,1e+06,1.0132e+05,1.174,1,1.6775,1.6775,0,1
1.9978,300,694.73,-4.3722e-14,0,0,1e-10,0,1e+06,1.0132e+05,1.174,1,1.68,1.68,0,1
1.9978,300,694.73,-4.2428e-14,0,0,1e-10,0,1e+06,1.0132e+05,1.174,1,1.6825,1.6825,0,1
1.9978,300,694.73,-4.1135e-14,0,0,1e-10,0,1e+06,1.0132e+05,1.174,1,1.685,1.685,0,1
1.9978,300,694.73,-3.9841e-14,0,0,1e-10,0,1e+06,1.0132e+05,1.174,1,1.6875,1.6875,0,1
1.9978,300,694.73,-3.8237e-14,0,0,1e-10,0,1e+06,1.0132e+05,1.174,1,1.69,1.69,0,1
1.9978,300,694.73,-3.6632e-14,0,0,1e-10,0,1e+06,1.0132e+05,1.174,1,1.6925,1.6925,0,1
1.9978,300,694.73,-3.5028e-14,0,0,1e-10,0,1e+06,1.0132e+05,1.174,1,1.695,1.695,0,1
1.9978,300,694.73,-3.3423e-14,0,0,1e-10,0,1e+06,1.0132e+05,1.174,1,1.6975,1.6975,0,1
1.9978,300,694.73,-3.1819e-14,0,0,1e-10,0,1e+06,1.0132e+05,1.174,1,1.7,1.7,0,1
1.9978,300,694.73,-3.0214e-14,0,0,1e-10,0,1e+06,1.0132e+05,1.174,1,1.7025,1.7025,0,1
1.9978,300,694.73,-2.861e-14,0,0,1e-10,0,1e+06,1.0132e+05,1.174,1,1.705,1.705,0,1
1.9978,300,694.73,-2.7005e-14,0,0,1e-10,0,1e+06,1.0132e+05,1.174,1,1.7075,1.7075,0,1
1.9978,300,694.73,-2.54e-14,0,0,1e-10,0,1e+06,1.0132e+05,1.174,1,1.71,1.71,0,1
1.9978,300,694.73,-2.3796e-14,0,0,1e-10,0,1e+06,1.0132e+05,1.174,1,1.7125,1.7125,0,1
1.9978,300,694.73,-2.2191e-14,0,0,1e-10,0,1e+06,1.0132e+05,1.174,1,1.715,1.715,0,1
1.9978,300,694.73,-2.0587e-14,0,0,1e-10,0,1e+06,1.0132e+05,1.174,1,1.7175,1.7175,0,1
1.9978,300,694.73,-1.9419e-14,0,0,1e-10,0,1e+06,1.0132e+05,1.174,1,1.72,1.72,0,1
1.9978,300,694.73,-1.8687e-14,0,0,1e-10,0,1e+06,1.0132e+05,1.174,1,1.7225,1.7225,0,1
1.9978,300,694.73,-1.7955e-14,0,0,1e-10,0,1e+06,1.0132e+05,1.174,1,1.725,1.725,0,1
1.9978,300,694.73,-1.7223e-14,0,0,1e-10,0,1e+06,1.0132e+05,1.174,1,1.7275,1.7275,0,1
1.9978,300,694.73,-1.6491e-14,0,0,1e-10,0,1e+06,1.0132e+05,1.174,1,1.73,1.73,0,1
1.9978,300,694.73,-1.5759e-14,0,0,1e-10,0,1e+06,1.0132e+05,1.174,1,1.7325,1.7325,0,1
1.9978,300,694.73,-1.5027e-14,0,0,1e-10,0,1e+06,1.0132e+05,1.174,1,1.735,1.735,0,1
1.9978,300,694.73,-1.4295e-14,0,0,1e-10,0,1e+06,1.0132e+05,1.174,1,1.7375,1.7375,0,1
1.9978,300,694.73,-1.3564e-14,0,0,1e-10,0,1e+06,1.0132e+05,1.174,1,1.74,1.74,0,1
1.9978,300,694.73,-1.2832e-14,0,0,1e-10,0,1e+06,1.0132e+05,1.174,1,1.7425,1.7425,0,1
1.9978,300,694.73,-1.21e-14,0,0,1e-10,0,1e+06,1.0132e+05,1.174,1,1.745,1.745,0,1
1.9978,300,694.73,-1.1368e-14,0,0,1e-10,0,1e+06,1.0132e+05,1.174,1,1.7475,1.7475,0,1
1.9978,300,694.73,-1.0636e-14,0,0,1e-10,0,1e+06,1.0132e+05,1.174,1,1.75,1.75,0,1
1.9978,300,694.73,-1.1022e-14,0,0,1e-10,0,1e+06,1.0132e+05,1.174,1,1.7525,1.7525,0,1
1.9978,300,694.73,-1.1409e-14,0,0,1e-10,0,1e+06,1.0132e+05,1.174,1,1.755,1.755,0,1
1.9978,300,694.73,-1.1795e-14,0,0,1e-10,0,1e+06,1.0132e+05,1.174,1,1.7575,1.7575,0,1
1.9978,300,694.73,-1.2181e-14,0,0,1e-10,0,1e+06,1.0132e+05,1.174,1,1.76,1.76,0,1
1.9978,300,694.73,-1.2567e-14,0,0,1e-10,0,1e+06,1.0132e+05,1.174,1,1.7625,1.7625,0,1
1.9978,300,694.73,-1.2954e-14,0,0,1e-10,0,1e+06,1.0132e+05,1.174,1,1.765,1.765,0,1
1.9978,300,694.73,-1.334e-14,0,0,1e-10,0,1e+06,1.0132e+05,1.174,1,1.7675,1.7675,0,1
1.9978,300,694.73,-1.3726e-14,0,0,1e-10,0,1e+06,1.0132e+05,1.174,1,1.77,1.77,0,1
1.9978,300,694.73,-1.4113e-14,0,0,1e-10,0,1e+06,1.0132e+05,1.174,1,1.7725,1.7725,0,1
1.9978,300,694.73,-1.4499e-14,0,0,1e-10,0,1e+06,1.0132e+05,1.174,1,1.775,1.775,0,1
1.9978,300,694.73,-1.4885e-14,0,0,1e-10,0,1e+06,1.0132e+05,1.174,1,1.7775,1.7775,0,1
1.9978,300,694.73,-1.5271e-14,0,0,1e-10,0,1e+06,1.0132e+05,1.174,1,1.78,1.78,0,1
1.9978,300,694.73,-1.5919e-14,0,0,1e-10,0,1e+06,1.0132e+05,1.174,1,1.7825,1.7825,0,1
1.9978,300,694.73,-1.6827e-14,0,0,1e-10,0,1e+06,1.0132e+05,1.174,1,1.785,1.785,0,1
1.9978,300,694.73,-1.7735e-14,0,0,1e-10,0,1e+06,1.0132e+05,1.174,1,1.7875,1.7875,0,1
1.9978,300,694.73,-1.8643e-14,0,0,1e-10,0,1e+06,1.0132e+05,1.174,1,1.79,1.79,0,1
1.9978,300,694.73,-1.9552e-14,0,0,1e-10,0,1e+06,1.0132e+05,1.174,1,1.7925,1.7925,0,1
1.9978,300,694.73,-2.046e-14,0,0,1e-10,0,1e+06,1.0132e+05,1.174,1,1.795,1.795,0,1
1.9978,300,694.73,-2.1368e-14,0,0,1e-10,0,1e+06,1.0132e+05,1.174,1,1.7975,1.7975,0,1
1.9978,300,694.73,-2.2276e-14,0,0,1e-10,0,1e+06,1.0132e+05,1.174,1,1.8,1.8,0,1
1.9978,300,694.73,-2.3184e-14,0,0,1e-10,0,1e+06,1.0132e+05,1.174,1,1.8025,1.8025,0,1
1.9978,300,694.73,-2.4092e-14,0,0,1e-10,0,1e+06,1.0132e+05,1.174,1,1.805,1.805,0,1
1.9978,300,694.73,-2.5001e-14,0,0,1e-10,0,1e+06,1.0132e+05,1.174,1,1.8075,1.8075,0,1
1.9978,300,694.73,-2.5909e-14,0,0,1e-10,0,1e+06,1.0132e+05,1.174,1,1.81,1.81,0,1
1.9978,300,694.73,-2.6817e-14,0,0,1e-10,0,1e+06,1.0132e+05,1.174,1,1.8125,1.8125,0,1
1.9978,300,694.73,-2.8302e-14,0,0,1e-10,0,1e+06,1.0132e+05,1.174,1,1.815,1.815,0,1
1.9978,300,694.73,-2.9786e-14,0,0,1e-10,0,1e+06,1.0132e+05,1.174,1,1.8175,1.8175,0,1
1.9978,300,694.73,-3.127e-14,0,0,1e-10,0,1e+06,1.0132e+05,1.174,1,1.82,1.82,0,1
1.9978,300,694.73,-3.2755e-14,0,0,1e-10,0,1e+06,1.0132e+05,1.174,1,1.8225,1.8225,0,1
1.9978,300,694.73,-3.4239e-14,0,0,1e-10,0,1e+06,1.0132e+05,1.174,1,1.825,1.825,0,1
1.9978,300,694.73,-3.5724e-14,0,0,1e-10,0,1e+06,1.0132e+05,1.174,1,1.8275,1.8275,0,1
1.9978,300,694.73,-3.7208e-14,0,0,1e-10,0,1e+06,1.0132e+05,1.174,1,1.83,1.83,0,1
1.9978,300,694.73,-3.8693e-14,0,0,1e-10,0,1e+06,1.0132e+05,1.174,1,1.8325,1.8325,0,1
1.9978,300,694.73,-4.0177e-14,0,0,1e-10,0,1e+06,1.0132e+05,1.174,1,1.835,1.835,0,1
1.9978,300,694.73,-4.1662e-14,0,0,1e-10,0,1e+06,1.0132e+05,1.174,1,1.8375,1.8375,0,1
1.9978,300,694.73,-4.3146e-14,0,0,1e-10,0,1e+06,1.0132e+05,1.174,1,1.84,1.84,0,1
1.9978,300,694.73,-4.4631e-14,0,0,1e-10,0,1e+06,1.0132e+05,1.174,1,1.8425,1.8425,0,1
1.9978,300,694.73,-4.656e-14,0,0,1e-10,0,1e+06,1.0132e+05,1.174,1,1.845,1.845,0,1
1.9978,300,694.73,-4.8933e-14,0,0,1e-10,0,1e+06,1.0132e+05,1.174,1,1.8475,1.8475,0,1
1.9978,300,694.73,-5.1307e-14,0,0,1e-10,0,1e+06,1.0132e+05,1.174,1,1.85,1.85,0,1
1.9978,300,694.73,-5.3681e-14,0,0,1e-10,0,1e+06,1.0132e+05,1.174,1,1.8525,1.8525,0,1
1.9978,300,694.73,-5.6054e-14,0,0,1e-10,0,1e+06,1.0132e+05,1.174,1,1.855,1.855,0,1
1.9978,300,694.73,-5.8428e-14,0,0,1e-10,0,1e+06,1.0132e+05,1.174,1,1.8575,1.8575,0,1
1.9978,300,694.73,-6.0802e-14,0,0,1e-10,0,1e+06,1.0132e+05,1.174,1,1.86,1.86,0,1
1.9978,300,694.73,-6.3175e-14,0,0,1e-10,0,1e+06,1.0132e+05,1.174,1,1.8625,1.8625,0,1
1.9978,300,694.73,-6.5549e-14,0,0,1e-10,0,1e+06,1.0132e+05,1.174,1,1.865,1.865,0,1
1.9978,300,694.73,-6.7923e-14,0,0,1e-10,0,1e+06,1.0132e+05,1.174,1,1.8675,1.8675,0,1
1.9978,300,694.73,-7.0297e-14,0,0,1e-10,0,1e+06,1.0132e+05,1.174,1,1.87,1.87,0,1
1.9978,300,694.73,-7.267e-14,0,0,1e-10,0,1e+06,1.0132e+05,1.174,1,1.8725,1.8725,0,1
1.9978,300,694.73,-7.5044e-14,0,0,1e-10,0,1e+06,1.0132e+05,1.174,1,1.875,1.875,0,1
1.9978,300,694.73,-7.6955e-14,0,0,1e-10,0,1e+06,1.0132e+05,1.174,1,1.8775,1.8775,0,1
1.9978,300,694.73,-7.8866e-14,0,0,1e-10,0,1e+06,1.0132e+05,1.174,1,1.88,1.88,0,1
1.9978,300,694.73,-8.0776e-14,0,0,1e-10,0,1e+06,1.0132e+05,1.174,1,1.8825,1.8825,0,1
1.9978,300,694.73,-8.2687e-14,0,0,1e-10,0,1e+06,1.0132e+05,1.174,1,1.885,1.885,0,1
1.9978,300,694.73,-8.4598e-14,0,0,1e-10,0,1e+06,1.0132e+05,1.174,1,1.8875,1.8875,0,1
1.9978,300,694.73,-8.6509e-14,0,0,1e-10,0,1e+06,1.0132e+05,1.174,1,1.89,1.89,0,1
1.9978,300,694.73,-8.842e-14,0,0,1e-10,0,1e+06,1.0132e+05,1.174,1,1.8925,1.8925,0,1
1.9978,300,694.73,-9.033e-14,0,0,1e-10,0,1e+06,1.0132e+05,1.174,1,1.895,1.895,0,1
1.9978,300,694.73,-9.2241e-14,0,0,1e-10,0,1e+06,1.0132e+05,1.174,1,1.8975,1.8975,0,1
1.9978,300,694.73,-9.4152e-14,0,0,1e-10,0,1e+06,1.0132e+05,1.174,1,1.9,1.9,0,1
1.9978,300,694.73,-9.6063e-14,0,0,1e-10,0,1e+06,1.0132e+05,1.174,1,1.9025,1.9025,0,1
1.9978,300,694.73,-9.7974e-14,0,0,1e-10,0,1e+06,1.0132e+05,1.174,1,1.905,1.905,0,1
1.9978,300,694.73,-9.8814e-14,0,0,1e-10,0,1e+06,1.0132e+05,1.174,1,1.9075,1.9075,0,1
1.9978,300,694.73,-9.8584e-14,0,0,1e-10,0,1e+06,1.0132e+05,1.174,1,1.91,1.91,0,1
1.9978,300,694.73,-9.8353e-14,0,0,1e-10,0,1e+06,1.0132e+05,1.174,1,1.9125,1.9125,0,1
1.9978,300,694.73,-9.8123e-14,0,0,1e-10,0,1e+06,1.0132e+05,1.174,1,1.915,1.915,0,1
1.9978,300,694.73,-9.7893e-14,0,0,1e-10,0,1e+06,1.0132e+05,1.174,1,1.9175,1.9175,0,1
1.9978,300,694.73,-9.7663e-14,0,0,1e-10,0,1e+06,1.0132e+05,1.174,1,1.92,1.92,0,1
1.9978,300,694.73,-9.7432e-14,0,0,1e-10,0,1e+06,1.0132e+05,1.174,1,1.9225,1.9225,0,1
1.9978,300,694.73,-9.7202e-14,0,0,1e-10,0,1e+06,1.0132e+05,1.174,1,1.925,1.925,0,1
1.9978,300,694.73,-9.6972e-14,0,0,1e-10,0,1e+06,1.0132e+05,1.174,1,1.9275,1.9275,0,1
1.9978,300,694.73,-9.6741e-14,0,0,1e-10,0,1e+06,1.0132e+05,1.174,1,1.93,1.93,0,1
1.9978,300,694.73,-9.6511e-14,0,0,1e-10,0,1e+06,1.0132e+05,1.174,1,1.9325,1.9325,0,1
1.9978,300,694.73,-9.6281e-14,0,0,1e-10,0,1e+06,1.0132e+05,1.174,1,1.935,1.935,0,1
1.9978,300,694.73,-9.6051e-14,0,0,1e-10,0,1e+06,1.0132e+05,1.174,1,1.9375,1.9375,0,1
1.9978,300,694.73,-9.3996e-14,0,0,1e-10,0,1e+06,1.0132e+05,1.174,1,1.94,1.94,0,1
1.9978,300,694.73,-9.1942e-14,0,0,1e-10,0,1e+06,1.0132e+05,1.174,1,1.9425,1.9425,0,1
1.9978,300,694.73,-8.9888e-14,0,0,1e-10,0,1e+06,1.0132e+05,1.174,1,1.945,1.945,0,1
1.9978,300,694.73,-8.7834e-14,0,0,1e-10,0,1e+06,1.0132e+05,1.174,1,1.9475,1.9475,0,1
1.9978,300,694.73,-8.5779e-14,0,0,1e-10,0,1e+06,1.0132e+05,1.174,1,1.95,1.95,0,1
1.9978,300,694.73,-8.3725e-14,0,0,1e-10,0,1e+06,1.0132e+05,1.174,1,1.9525,1.9525,0,1
1.9978,300,694.73,-8.1671e-14,0,0,1e-10,0,1e+06,1.0132e+05,1.174,1,1.955,1.955,0,1
1.9978,300,694.73,-7.9617e-14,0,0,1e-10,0,1e+06,1.0132e+05,1.174,1,1.9575,1.9575,0,1
1.9978,300,694.73,-7.7562e-14,0,0,1e-10,0,1e+06,1.0132e+05,1.174,1,1.96,1.96,0,1
1.9978,300,694.73,-7.5508e-14,0,0,1e-10,0,1e+06,1.0132e+05,1.174,1,1.9625,1.9625,0,1
1.9978,300,694.73,-7.3454e-14,0,0,1e-10,0,1e+06,1.0132e+05,1.174,1,1.965,1.965,0,1
1.9978,300,694.73,-7.14e-14,0,0,1e-10,0,1e+06,1.0132e+05,1.174,1,1.9675,1.9675,0,1
1.9978,300,694.73,-7.0143e-14,0,0,1e-10,0,1e+06,1.0132e+05,1.174,1,1.97,1.97,0,1
1.9978,300,694.73,-6.9684e-14,0,0,1e-10,0,1e+06,1.0132e+05,1.174,1,1.9725,1.9725,0,1
1.9978,300,694.73,-6.9226e-14,0,0,1e-10,0,1e+06,1.0132e+05,1.174,1,1.975,1.975,0,1
1.9978,300,694.73,-6.8767e-14,0,0,1e-10,0,1e+06,1.0132e+05,1.174,1,1.9775,1.9775,0,1
1.9978,300,694.73,-6.8308e-14,0,0,1e-10,0,1e+06,1.0132e+05,1.174,1,1.98,1.98,0,1
1.9978,300,694.73,-6.7849e-14,0,0,1e-10,0,1e+06,1.0132e+05,1.174,1,1.9825,1.9825,0,1
1.9978,300,694.73,-6.739e-14,0,0,1e-10,0,1e+06,1.0132e+05,1.174,1,1.985,1.985,0,1
1.9978,300,694.73,-6.6931e-14,0,0,1e-10,0,1e+06,1.0132e+05,1.174,1,1.9875,1.9875,0,1
1.9978,300,694.73,-6.6473e-14,0,0,1e-10,0,1e+06,1.0132e+05,1.174,1,1.99,1.99,0,1
1.9978,300,694.73,-6.6014e-14,0,0,1e-10,0,1e+06,1.0132e+05,1.174,1,1.9925,1.9925,0,1
1.9978,300,694.73,-6.5555e-14,0,0,1e-10,0,1e+06,1.0132e+05,1.174,1,1.995,1.995,0,1
1.9978,300,694.73,-6.5096e-14,0,0,1e-10,0,1e+06,1.0132e+05,1.174,1,1.9975,1.9975,0,1
1.9978,300,694.73,-6.4637e-14,0,0,1e-10,0,1e+06,1.0132e+05,1.174,1,2,2,0,1
1.9978,300,694.73,-6.472e-14,0,0,1e-10,0,1e+06,1.0132e+05,1.174,1,2.0025,2.0025,0,1
1.9978,300,694.73,-6.4804e-14,0,0,1e-10,0,1e+06,1.0132e+05,1.174,1,2.005,2.005,0,1
1.9978,300,694.73,-6.4887e-14,0,0,1e-10,0,1e+06,1.0132e+05,1.174,1,2.0075,2.0075,0,1
1.9978,300,694.73,-6.497e-14,0,0,1e-10,0,1e+06,1.0132e+05,1.174,1,2.01,2.01,0,1
1.9978,300,694.73,-6.5053e-14,0,0,1e-10,0,1e+06,1.0132e+05,1.174,1,2.0125,2.0125,0,1
1.9978,300,694.73,-6.5136e-14,0,0,1e-10,0,1e+06,1.0132e+05,1.174,1,2.015,2.015,0,1
1.9978,300,694.73,-6.5219e-14,0,0,1e-10,0,1e+06,1.0132e+05,1.174,1,2.0175,2.0175,0,1
1.9978,300,694.73,-6.5302e-14,0,0,1e-10,0,1e+06,1.0132e+05,1.174,1,2.02,2.02,0,1
1.9978,300,694.73,-6.5385e-14,0,0,1e-10,0,1e+06,1.0132e+05,1.174,1,2.0225,2.0225,0,1
1.9978,300,694.73,-6.5468e-14,0,0,1e-10,0,1e+06,1.0132e+05,1.174,1,2.025,2.025,0,1
1.9978,300,694.73,-6.5551e-14,0,0,1e-10,0,1e+06,1.0132e+05,1.174,1,2.0275,2.0275,0,1
1.9978,300,694.73,-6.5634e-14,0,0,1e-10,0,1e+06,1.0132e+05,1.174,1,2.03,2.03,0,1
1.9978,300,694.73,-6.5788e-14,0,0,1e-10,0,1e+06,1.0132e+05,1.174,1,2.0325,2.0325,0,1
1.9978,300,694.73,-6.6011e-14,0,0,1e-10,0,1e+06,1.0132e+05,1.174,1,2.035,2.035,0,1
1.9978,300,694.73,-6.6234e-14,0,0,1e-10,0,1e+06,1.0132e+05,1.174,1,2.0375,2.0375,0,1
1.9978,300,694.73,-6.6458e-14,0,0,1e-10,0,1e+06,1.0132e+05,1.174,1,2.04,2.04,0,1
1.9978,300,694.73,-6.6681e-14,0,0,1e-10,0,1e+06,1.0132e+05,1.174,1,2.0425,2.0425,0,1
1.9978,300,694.73,-6.6904e-14,0,0,1e-10,0,1e+06,1.0132e+05,1.174,1,2.045,2.045,0,1
1.9978,300,694.73,-6.7128e-14,0,0,1e-10,0,1e+06,1.0132e+05,1.174,1,2.0475,2.0475,0,1
1.9978,300,694.73,-6.7351e-14,0,0,1e-10,0,1e+06,1.0132e+05,1.174,1,2.05,2.05,0,1
1.9978,300,694.73,-6.7574e-14,0,0,1e-10,0,1e+06,1.0132e+05,1.174,1,2.0525,2.0525,0,1
1.9978,300,694.73,-6.7797e-14,0,0,1e-10,0,1e+06,1.0132e+05,1.174,1,2.055,2.055,0,1
1.9978,300,694.73,-6.8021e-14,0,0,1e-10,0,1e+06,1.0132e+05,1.174,1,2.0575,2.0575,0,1
1.9978,300,694.73,-6.8244e-14,0,0,1e-10,0,1e+06,1.0132e+05,1.174,1,2.06,2.06,0,1
1.9978,300,694.73,-6.8467e-14,0,0,1e-10,0,1e+06,1.0132e+05,1.174,1,2.0625,2.0625,0,1
1.9978,300,694.73,-6.8596e-14,0,0,1e-10,0,1e+06,1.0132e+05,1.174,1,2.065,2.065,0,1
1.9978,300,694.73,-6.8725e-14,0,0,1e-10,0,1e+06,1.0132e+05,1.174,1,2.0675,2.0675,0,1
1.9978,300,694.73,-6.8853e-14,0,0,1e-10,0,1e+06,1.0132e+05,1.174,1,2.07,2.07,0,1
1.9978,300,694.73,-6.8982e-14,0,0,1e-10,0,1e+06,1.0132e+05,1.174,1,2.0725,2.0725,0,1
1.9978,300,694.73,-6.911e-14,0,0,1e-10,0,1e+06,1.0132e+05,1.174,1,2.075,2.075,0,1
1.9978,300,694.73,-6.9239e-14,0,0,1e-10,0,1e+06,1.0132e+05,1.174,1,2.0775,2.0775,0,1
1.9978,300,694.73,-6.9367e-14,0,0,1e-10,0,1e+06,1.0132e+05,1.174,1,2.08,2.08,0,1
1.9978,300,694.73,-6.9496e-14,0,0,1e-10,0,1e+06,1.0132e+05,1.174,1,2.0825,2.0825,0,1
1.9978,300,694.73,-6.9625e-14,0,0,1e-10,0,1e+06,1.0132e+05,1.174,1,2.085,2.085,0,1
1.9978,300,694.73,-6.9753e-14,0,0,1e-10,0,1e+06,1.0132e+05,1.174,1,2.0875,2.0875,0,1
1.9978,300,694.73,-6.9882e-14,0,0,1e-10,0,1e+06,1.0132e+05,1.174,1,2.09,2.09,0,1
1.9978,300,694.73,-7.001e-14,0,0,1e-10,0,1e+06,1.0132e+05,1.174,1,2.0925,2.0925,0,1
1.9978,300,694.73,-6.9192e-14,0,0,1e-10,0,1e+06,1.0132e+05,1.174,1,2.095,2.095,0,1
1.9978,300,694.73,-6.7428e-14,0,0,1e-10,0,1e+06,1.0132e+05,1.174,1,2.0975,2.0975,0,1
1.9978,300,694.73,-6.5663e-14,0,0,1e-10,0,1e+06,1.0132e+05,1.174,1,2.1,2.1,0,1
1.9978,300,694.73,-6.3899e-14,0,0,1e-10,0,1e+06,1.0132e+05,1.174,1,2.1025,2.1025,0,1
1.9978,300,694.73,-6.2134e-14,0,0,1e-10,0,1e+06,1.0132e+05,1.174,1,2.105,2.105,0,1
1.9978,300,694.73,-6.0369e-14,0,0,1e-10,0,1e+06,1.0132e+05,1.174,1,2.1075,2.1075,0,1
1.9978,300,694.73,-5.8605e-14,0,0,1e-10,0,1e+06,1.0132e+05,1.174,1,2.11,2.11,0,1
1.9978,300,694.73,-5.684e-14,0,0,1e-10,0,1e+06,1.0132e+05,1.174,1,2.1125,2.1125,0,1
1.9978,300,694.73,-5.5076e-14,0,0,1e-10,0,1e+06,1.0132e+05,1.174,1,2.115,2.115,0,1
1.9978,300,694.73,-5.3311e-14,0,0,1e-10,0,1e+06,1.0132e+05,1.174,1,2.1175,2.1175,0,1
1.9978,300,694.73,-5.1547e-14,0,0,1e-10,0,1e+06,1.0132e+05,1.174,1,2.12,2.12,0,1
1.9978,300,694.73,-4.9782e-14,0,0,1e-10,0,1e+06,1.0132e+05,1.174,1,2.1225,2.1225,0,1
1.9978,300,694.73,-4.8017e-14,0,0,1e-10,0,1e+06,1.0132e+05,1.174,1,2.125,2.125,0,1
1.9978,300,694.73,-4.7338e-14,0,0,1e-10,0,1e+06,1.0132e+05,1.174,1,2.1275,2.1275,0,1
1.9978,300,694.73,-4.6658e-14,0,0,1e-10,0,1e+06,1.0132e+05,1.174,1,2.13,2.13,0,1
1.9978,300,694.73,-4.5979e-14,0,0,1e-10,0,1e+06,1.0132e+05,1.174,1,2.1325,2.1325,0,1
1.9978,300,694.73,-4.5299e-14,0,0,1e-10,0,1e+06,1.0132e+05,1.174,1,2.135,2.135,0,1
1.9978,300,694.73,-4.4619e-14,0,0,1e-10,0,1e+06,1.0132e+05,1.174,1,2.1375,2.1375,0,1
1.9978,300,694.73,-4.394e-14,0,0,1e-10,0,1e+06,1.0132e+05,1.174,1,2.14,2.14,0,1
1.9978,300,694.73,-4.326e-14,0,0,1e-10,0,1e+06,1.0132e+05,1.174,1,2.1425,2.1425,0,1
1.9978,300,694.73,-4.2581e-14,0,0,1e-10,0,1e+06,1.0132e+05,1.174,1,2.145,2.145,0,1
1.9978,300,694.73,-4.1901e-14,0,0,1e-10,0,1e+06,1.0132e+05,1.174,1,2.1475,2.1475,0,1
1.9978,300,694.73,-4.1221e-14,0,0,1e-10,0,1e+06,1.0132e+05,1.174,1,2.15,2.15,0,1
1.9978,300,694.73,-4.0542e-14,0,0,1e-10,0,1e+06,1.0132e+05,1.174,1,2.1525,2.1525,0,1
1.9978,300,694.73,-3.9862e-14,0,0,1e-10,0,1e+06,1.0132e+05,1.174,1,2.155,2.155,0,1
1.9978,300,694.73,-3.8908e-14,0,0,1e-10,0,1e+06,1.0132e+05,1.174,1,2.1575,2.1575,0,1
1.9978,300,694.73,-3.7679e-14,0,0,1e-10,0,1e+06,1.0132e+05,1.174,1,2.16,2.16,0,1
1.9978,300,694.73,-3.6451e-14,0,0,1e-10,0,1e+06,1.0132e+05,1.174,1,2.1625,2.1625,0,1
1.9978,300,694.73,-3.5222e-14,0,0,1e-10,0,1e+06,1.0132e+05,1.174,1,2.165,2.165,0,1
1.9978,300,694.73,-3.3993e-14,0,0,1e-10,0,1e+06,1.0132e+05,1.174,1,2.1675,2.1675,0,1
1.9978,300,694.73,-3.2765e-14,0,0,1e-10,0,1e+06,1.0132e+05,1.174,1,2.17,2.17,0,1
1.9978,300,694.73,-3.1536e-14,0,0,1e-10,0,1e+06,1.0132e+05,1.174,1,2.1725,2.1725,0,1
1.9978,300,694.73,-3.0307e-14,0,0,1e-10,0,1e+06,1.0132e+05,1.174,1,2.175,2.175,0,1
1.9978,300,694.73,-2.9079e-14,0,0,1e-10,0,1e+06,1.0132e+05,1.174,1,2.1775,2.1775,0,1
1.9978,300,694.73,-2.785e-14,0,0,1e-10,0,1e+06,1.0132e+05,1.174,1,2.18,2.18,0,1
1.9978,300,694.73,-2.6621e-14,0,0,1e-10,0,1e+06,1.0132e+05,1.174,1,2.1825,2.1825,0,1
1.9978,300,694.73,-2.5393e-14,0,0,1e-10,0,1e+06,1.0132e+05,1.174,1,2.185,2.185,0,1
1.9978,300,694.73,-2.4164e-14,0,0,1e-10,0,1e+06,1.0132e+05,1.174,1,2.1875,2.1875,0,1
1.9978,300,694.73,-2.2806e-14,0,0,1e-10,0,1e+06,1.0132e+05,1.174,1,2.19,2.19,0,1
1.9978,300,694.73,-2.1449e-14,0,0,1e-10,0,1e+06,1.0132e+05,1.174,1,2.1925,2.1925,0,1
1.9978,300,694.73,-2.0091e-14,0,0,1e-10,0,1e+06,1.0132e+05,1.174,1,2.195,2.195,0,1
1.9978,300,694.73,-1.8733e-14,0,0,1e-10,0,1e+06,1.0132e+05,1.174,1,2.1975,2.1975,0,1
1.9978,300,694.73,-1.7376e-14,0,0,1e-10,0,1e+06,1.0132e+05,1.174,1,2.2,2.2,0,1
1.9978,300,694.73,-1.6018e-14,0,0,1e-10,0,1e+06,1.0132e+05,1.174,1,2.2025,2.2025,0,1
1.9978,300,694.73,-1.466e-14,0,0,1e-10,0,1e+06,1.0132e+05,1.174,1,2.205,2.205,0,1
1.9978,300,694.73,-1.3303e-14,0,0,1e-10,0,1e+06,1.0132e+05,1.174,1,2.2075,2.2075,0,1
1.9978,300,694.73,-1.1945e-14,0,0,1e-10,0,1e+06,1.0132e+05,1.174,1,2.21,2.21,0,1
1.9978,300,694.73,-1.0587e-14,0,0,1e-10,0,1e+06,1.0132e+05,1.174,1,2.2125,2.2125,0,1
1.9978,300,694.73,-9.2299e-15,0,0,1e-10,0,1e+06,1.0132e+05,1.174,1,2.215,2.215,0,1
1.9978,300,694.73,-7.8722e-15,0,0,1e-10,0,1e+06,1.0132e+05,1.174,1,2.2175,2.2175,0,1
1.9978,300,694.73,-7.6453e-15,0,0,1e-10,0,1e+06,1.0132e+05,1.174,1,2.22,2.22,0,1
1.9978,300,694.73,-8.5492e-15,0,0,1e-10,0,1e+06,1.0132e+05,1.174,1,2.2225,2.2225,0,1
1.9978,300,694.73,-9.453e-15,0,0,1e-10,0,1e+06,1.0132e+05,1.174,1,2.225,2.225,0,1
1.9978,300,694.73,-1.0357e-14,0,0,1e-10,0,1e+06,1.0132e+05,1.174,1,2.2275,2.2275,0,1
1.9978,300,694.73,-1.1261e-14,0,0,1e-10,0,1e+06,1.0132e+05,1.174,1,2.23,2.23,0,1
1.9978,300,694.73,-1.2165e-14,0,0,1e-10,0,1e+06,1.0132e+05,1.174,1,2.2325,2.2325,0,1
1.9978,300,694.73,-1.3068e-14,0,0,1e-10,0,1e+06,1.0132e+05,1.174,1,2.235,2.235,0,1
1.9978,300,694.73,-1.3972e-14,0,0,1e-10,0,1e+06,1.0132e+05,1.174,1,2.2375,2.2375,0,1
1.9978,300,694.73,-1.4876e-14,0,0,1e-10,0,1e+06,1.0132e+05,1.174,1,2.24,2.24,0,1
1.9978,300,694.73,-1.578e-14,0,0,1e-10,0,1e+06,1.0132e+05,1.174,1,2.2425,2.2425,0,1
1.9978,300,694.73,-1.6684e-14,0,0,1e-10,0,1e+06,1.0132e+05,1.174,1,2.245,2.245,0,1
1.9978,300,694.73,-1.7588e-14,0,0,1e-10,0,1e+06,1.0132e+05,1.174,1,2.2475,2.2475,0,1
1.9978,300,694.73,-1.8492e-14,0,0,1e-10,0,1e+06,1.0132e+05,1.174,1,2.25,2.25,0,1
1.9978,300,694.73,-1.9037e-14,0,0,1e-10,0,1e+06,1.0132e+05,1.174,1,2.2525,2.2525,0,1
1.9978,300,694.73,-1.9583e-14,0,0,1e-10,0,1e+06,1.0132e+05,1.174,1,2.255,2.255,0,1
1.9978,300,694.73,-2.0129e-14,0,0,1e-10,0,1e+06,1.0132e+05,1.174,1,2.2575,2.2575,0,1
1.9978,300,694.73,-2.0674e-14,0,0,1e-10,0,1e+06,1.0132e+05,1.174,1,2.26,2.26,0,1
1.9978,300,694.73,-2.122e-14,0,0,1e-10,0,1e+06,1.0132e+05,1.174,1,2.2625,2.2625,0,1
1.9978,300,694.73,-2.1765e-14,0,0,1e-10,0,1e+06,1.0132e+05,1.174,1,2.265,2.265,0,1
1.9978,300,694.73,-2.2311e-14,0,0,1e-10,0,1e+06,1.0132e+05,1.174,1,2.2675,2.2675,0,1
1.9978,300,694.73,-2.2857e-14,0,0,1e-10,0,1e+06,1.0132e+05,1.174,1,2.27,2.27,0,1
1.9978,300,694.73,-2.3402e-14,0,0,1e-10,0,1e+06,1.0132e+05,1.174,1,2.2725,2.2725,0,1
1.9978,300,694.73,-2.3948e-14,0,0,1e-10,0,1e+06,1.0132e+05,1.174,1,2.275,2.275,0,1
1.9978,300,694.73,-2.4494e-14,0,0,1e-10,0,1e+06,1.0132e+05,1.174,1,2.2775,2.2775,0,1
1.9978,300,694.73,-2.5039e-14,0,0,1e-10,0,1e+06,1.0132e+05,1.174,1,2.28,2.28,0,1
1.9978,300,694.73,-2.5297e-14,0,0,1e-10,0,1e+06,1.0132e+05,1.174,1,2.2825,2.2825,0,1
1.9978,300,694.73,-2.5267e-14,0,0,1e-10,0,1e+06,1.0132e+05,1.174,1,2.285,2.285,0,1
1.9978,300,694.73,-2.5237e-14,0,0,1e-10,0,1e+06,1.0132e+05,1.174,1,2.2875,2.2875,0,1
1.9978,300,694.73,-2.5207e-14,0,0,1e-10,0,1e+06,1.0132e+05,1.174,1,2.29,2.29,0,1
1.9978,300,694.73,-2.5177e-14,0,0,1e-10,0,1e+06,1.0132e+05,1.174,1,2.2925,2.2925,0,1
1.9978,300,694.73,-2.5147e-14,0,0,1e-10,0,1e+06,1.0132e+05,1.174,1,2.295,2.295,0,1
1.9978,300,694.73,-2.5117e-14,0,0,1e-10,0,1e+06,1.0132e+05,1.174,1,2.2975,2.2975,0,1
1.9978,300,694.73,-2.5087e-14,0,0,1e-10,0,1e+06,1.0132e+05,1.174,1,2.3,2.3,0,1
1.9978,300,694.73,-2.5057e-14,0,0,1e-10,0,1e+06,1.0132e+05,1.174,1,2.3025,2.3025,0,1
1.9978,300,694.73,-2.5027e-14,0,0,1e-10,0,1e+06,1.0132e+05,1.174,1,2.305,2.305,0,1
1.9978,300,694.73,-2.4997e-14,0,0,1e-10,0,1e+06,1.0132e+05,1.174,1,2.3075,2.3075,0,1
1.9978,300,694.73,-2.4967e-14,0,0,1e-10,0,1e+06,1.0132e+05,1.174,1,2.31,2.31,0,1
1.9978,300,694.73,-2.4937e-14,0,0,1e-10,0,1e+06,1.0132e+05,1.174,1,2.3125,2.3125,0,1
1.9978,300,694.73,-2.3822e-14,0,0,1e-10,0,1e+06,1.0132e+05,1.174,1,2.315,2.315,0,1
1.9978,300,694.73,-2.2708e-14,0,0,1e-10,0,1e+06,1.0132e+05,1.174,1,2.3175,2.3175,0,1
1.9978,300,694.73,-2.1593e-14,0,0,1e-10,0,1e+06,1.0132e+05,1.174,1,2.32,2.32,0,1
1.9978,300,694.73,-2.0479e-14,0,0,1e-10,0,1e+06,1.0132e+05,1.174,1,2.3225,2.3225,0,1
1.9978,300,694.73,-1.9364e-14,0,0,1e-10,0,1e+06,1.0132e+05,1.174,1,2.325,2.325,0,1
1.9978,300,694.73,-1.825e-14,0,0,1e-10,0,1e+06,1.0132e+05,1.174,1,2.3275,2.3275,0,1
1.9978,300,694.73,-1.7135e-14,0,0,1e-10,0,1e+06,1.0132e+05,1.174,1,2.33,2.33,0,1
1.9978,300,694.73,-1.6021e-14,0,0,1e-10,0,1e+06,1.0132e+05,1.174,1,2.3325,2.3325,0,1
1.9978,300,694.73,-1.4906e-14,0,0,1e-10,0,1e+06,1.0132e+05,1.174,1,2.335,2.335,0,1
1.9978,300,694.73,-1.3792e-14,0,0,1e-10,0,1e+06,1.0132e+05,1.174,1,2.3375,2.3375,0,1
1.9978,300,694.73,-1.2677e-14,0,0,1e-10,0,1e+06,1.0132e+05,1.174,1,2.34,2.34,0,1
1.9978,300,694.73,-1.1563e-14,0,0,1e-10,0,1e+06,1.0132e+05,1.174,1,2.3425,2.3425,0,1
1.9978,300,694.73,-9.9984e-15,0,0,1e-10,0,1e+06,1.0132e+05,1.174,1,2.345,2.345,0,1
1.9978,300,694.73,-7.9844e-15,0,0,1e-10,0,1e+06,1.0132e+05,1.174,1,2.3475,2.3475,0,1
1.9978,300,694.73,-5.9706e-15,0,0,1e-10,0,1e+06,1.0132e+05,1.174,1,2.35,2.35,0,1
1.9978,300,694.73,-3.9566e-15,0,0,1e-10,0,1e+06,1.0132e+05,1.174,1,2.3525,2.3525,0,1
1.9978,300,694.73,-1.9426e-15,0,0,1e-10,0,1e+06,1.0132e+05,1.174,1,2.355,2.355,0,1
1.9978,300,694.73,7.1372e-17,0,0,1e-10,0,1e+06,1.0132e+05,1.174,1,2.3575,2.3575,0,1
1.9978,300,694.73,2.0852e-15,0,0,1e-10,0,1e+06,1.0132e+05,1.174,1,2.36,2.36,0,1
1.9978,300,694.73,4.0992e-15,0,0,1e-10,0,1e+06,1.0132e+05,1.174,1,2.3625,2.3625,0,1
1.9978,300,694.73,6.1132e-15,0,0,1e-10,0,1e+06,1.0132e+05,1.174,1,2.365,2.365,0,1
1.9978,300,694.73,8.1272e-15,0,0,1e-10,0,1e+06,1.0132e+05,1.174,1,2.3675,2.3675,0,1
1.9978,300,694.73,1.0141e-14,0,0,1e-10,0,1e+06,1.0132e+05,1.174,1,2.37,2.37,0,1
1.9978,300,694.73,1.2155e-14,0,0,1e-10,0,1e+06,1.0132e+05,1.174,1,2.3725,2.3725,0,1
1.9978,300,694.73,1.4169e-14,0,0,1e-10,0,1e+06,1.0132e+05,1.174,1,2.375,2.375,0,1
1.9978,300,694.73,1.4629e-14,0,0,1e-10,0,1e+06,1.0132e+05,1.174,1,2.3775,2.3775,0,1
1.9978,300,694.73,1.5089e-14,0,0,1e-10,0,1e+06,1.0132e+05,1.174,1,2.38,2.38,0,1
1.9978,300,694.73,1.5548e-14,0,0,1e-10,0,1e+06,1.0132e+05,1.174,1,2.3825,2.3825,0,1
1.9978,300,694.73,1.6008e-14,0,0,1e-10,0,1e+06,1.0132e+05,1.174,1,2.385,2.385,0,1
1.9978,300,694.73,1.6468e-14,0,0,1e-10,0,1e+06,1.0132e+05,1.174,1,2.3875,2.3875,0,1
1.9978,300,694.73,1.6928e-14,0,0,1e-10,0,1e+06,1.0132e+05,1.174,1,2.39,2.39,0,1
1.9978,300,694.73,1.7388e-14,0,0,1e-10,0,1e+06,1.0132e+05,1.174,1,2.3925,2.3925,0,1
1.9978,300,694.73,1.7848e-14,0,0,1e-10,0,1e+06,1.0132e+05,1.174,1,2.395,2.395,0,1
1.9978,300,694.73,1.8307e-14,0,0,1e-10,0,1e+06,1.0132e+05,1.174,1,2.3975,2.3975,0,1
1.9978,300,694.73,1.8767e-14,0,0,1e-10,0,1e+06,1.0132e+05,1.174,1,2.4,2.4,0,1
1.9978,300,694.73,1.9227e-14,0,0,1e-10,0,1e+06,1.0132e+05,1.174,1,2.4025,2.4025,0,1
1.9978,300,694.73,1.9687e-14,0,0,1e-10,0,1e+06,1.0132e+05,1.174,1,2.405,2.405,0,1
1.9978,300,694.73,1.9701e-14,0,0,1e-10,0,1e+06,1.0132e+05,1.174,1,2.4075,2.4075,0,1
1.9978,300,694.73,1.9268e-14,0,0,1e-10,0,1e+06,1.0132e+05,1.174,1,2.41,2.41,0,1
1.9978,300,694.73,1.8836e-14,0,0,1e-10,0,1e+06,1.0132e+05,1.174,1,2.4125,2.4125,0,1
1.9978,300,694.73,1.8403e-14,0,0,1e-10,0,1e+06,1.0132e+05,1.174,1,2.415,2.415,0,1
1.9978,300,694.73,1.7971e-14,0,0,1e-10,0,1e+06,1.0132e+05,1.174,1,2.4175,2.4175,0,1
1.9978,300,694.73,1.7538e-14,0,0,1e-10,0,1e+06,1.0132e+05,1.174,1,2.42,2.42,0,1
1.9978,300,694.73,1.7106e-14,0,0,1e-10,0,1e+06,1.0132e+05,1.174,1,2.4225,2.4225,0,1
1.9978,300,694.73,1.6673e-14,0,0,1e-10,0,1e+06,1.0132e+05,1.174,1,2.425,2.425,0,1
1.9978,300,694.73,1.6241e-14,0,0,1e-10,0,1e+06,1.0132e+05,1.174,1,2.4275,2.4275,0,1
1.9978,300,694.73,1.5808e-14,0,0,1e-10,0,1e+06,1.0132e+05,1.174,1,2.43,2.43,0,1
1.9978,300,694.73,1.5376e-14,0,0,1e-10,0,1e+06,1.0132e+05,1.174,1,2.4325,2.4325,0,1
1.9978,300,694.73,1.4943e-14,0,0,1e-10,0,1e+06,1.0132e+05,1.174,1,2.435,2.435,0,1
1.9978,300,694.73,1.4511e-14,0,0,1e-10,0,1e+06,1.0132e+05,1.174,1,2.4375,2.4375,0,1
1.9978,300,694.73,1.2574e-14,0,0,1e-10,0,1e+06,1.0132e+05,1.174,1,2.44,2.44,0,1
1.9978,300,694.73,1.0637e-14,0,0,1e-10,0,1e+06,1.0132e+05,1.174,1,2.4425,2.4425,0,1
1.9978,300,694.73,8.6997e-15,0,0,1e-10,0,1e+06,1.0132e+05,1.174,1,2.445,2.445,0,1
1.9978,300,694.73,6.7625e-15,0,0,1e-10,0,1e+06,1.0132e+05,1.174,1,2.4475,2.4475,0,1
1.9978,300,694.73,4.8254e-15,0,0,1e-10,0,1e+06,1.0132e+05,1.174,1,2.45,2.45,0,1
1.9978,300,694.73,2.8883e-15,0,0,1e-10,0,1e+06,1.0132e+05,1.174,1,2.4525,2.4525,0,1
1.9978,300,694.73,9.5135e-16,0,0,1e-10,0,1e+06,1.0132e+05,1.174,1,2.455,2.455,0,1
1.9978,300,694.73,-9.8578e-16,0,0,1e-10,0,1e+06,1.0132e+05,1.174,1,2.4575,2.4575,0,1
1.9978,300,694.73,-2.9229e-15,0,0,1e-10,0,1e+06,1.0132e+05,1.174,1,2.46,2.46,0,1
1.9978,300,694.73,-4.86e-15,0,0,1e-10,0,1e+06,1.0132e+05,1.174,1,2.4625,2.4625,0,1
1.9978,300,694.73,-6.797e-15,0,0,1e-10,0,1e+06,1.0132e+05,1.174,1,2.465,2.465,0,1
1.9978,300,694.73,-8.7341e-15,0,0,1e-10,0,1e+06,1.0132e+05,1.174,1,2.4675,2.4675,0,1
1.9978,300,694.73,-1.06e-14,0,0.010867,1.3785,0.0092568,9.8e+05,1.0132e+05,1.174,1,2.47,2.47,0,1
1.9978,300,694.73,-1.2394e-14,0,0.032602,4.1355,0.02777,9.4001e+05,1.0132e+05,1.174,1,2.4725,2.4725,0,1
1.9978,300,694.73,-1.4189e-14,0,0.054334,6.8922,0.046282,9.0002e+05,1.0132e+05,1.174,1,2.475,2.475,0,1
1.9978,300,694.73,-1.5983e-14,0,0.076069,9.6492,0.064796,8.6002e+05,1.0132e+05,1.174,1,2.4775,2.4775,0,1
1.9978,300,694.73,-1.7777e-14,0,0.097804,12.406,0.08331,8.2003e+05,1.0132e+05,1.174,1,2.48,2.48,0,1
1.9978,300,694.73,-1.9572e-14,0,0.11954,15.163,0.10182,7.8003e+05,1.0132e+05,1.174,1,2.4825,2.4825,0,1
1.9978,300,694.73,-2.1366e-14,0,0.14127,17.92,0.12034,7.4004e+05,1.0132e+05,1.174,1,2.485,2.485,0,1
1.9978,300,694.73,-2.316e-14,0,0.16301,20.677,0.13885,7.0005e+05,1.0132e+05,1.174,1,2.4875,2.4875,0,1
1.9978,300,694.73,-2.4955e-14,0,0.18474,23.434,0.15736,6.6005e+05,1.0132e+05,1.174,1,2.49,2.49,0,1
1.9978,300,694.73,-2.6749e-14,0,0.20647,26.191,0.17588,6.2006e+05,1.0132e+05,1.174,1,2.4925,2.4925,0,1
1.9978,300,694.73,-2.8544e-14,0,0.22821,28.948,0.19439,5.8006e+05,1.0132e+05,1.174,1,2.495,2.495,0,1
1.9978,300,694.73,-3.0338e-14,0,0.24994,31.705,0.2129,5.4007e+05,1.0132e+05,1.174,1,2.4975,2.4975,0,1
1.9978,300,694.73,-3.2132e-14,0,0.27168,34.462,0.23142,5.0007e+05,1.0132e+05,1.174,1,2.5,2.5,0,1
