"Ma","T","U:0","U:1","U:2","p","vtkValidPointMask","arc_length","Points:0","Points:1","Points:2"
1.7613,331.55,652.44,11.039,1.1717e-17,1.3001e+05,1,0,0.5,0,1
1.7595,331.82,651.99,11.287,1.1113e-17,1.3044e+05,1,0.0010166,0.501,0.000183,1
1.7577,332.09,651.53,11.534,1.0508e-17,1.3087e+05,1,0.0020332,0.502,0.000366,1
1.7559,332.36,651.08,11.782,9.9037e-18,1.3131e+05,1,0.0030498,0.503,0.000549,1
1.7541,332.63,650.62,12.029,9.2992e-18,1.3174e+05,1,0.0040664,0.504,0.000732,1
1.7523,332.9,650.16,12.277,8.6948e-18,1.3217e+05,1,0.005083,0.505,0.000915,1
1.7505,333.17,649.71,12.524,8.0903e-18,1.326e+05,1,0.0060996,0.506,0.001098,1
1.7487,333.44,649.25,12.772,7.4859e-18,1.3304e+05,1,0.0071163,0.507,0.001281,1
1.7469,333.71,648.8,13.02,6.8815e-18,1.3347e+05,1,0.0081329,0.508,0.001464,1
1.7451,333.98,648.34,13.267,6.2772e-18,1.339e+05,1,0.0091495,0.509,0.001647,1
1.7433,334.25,647.89,13.515,5.6729e-18,1.3433e+05,1,0.010166,0.51,0.00183,1
1.7415,334.52,647.43,13.763,5.0686e-18,1.3477e+05,1,0.011183,0.511,0.002013,1
1.7397,334.79,646.97,14.01,4.4643e-18,1.352e+05,1,0.012199,0.512,0.002196,1
1.7379,335.05,646.52,14.258,3.8601e-18,1.3563e+05,1,0.013216,0.513,0.002379,1
1.7361,335.32,646.06,14.506,3.2559e-18,1.3606e+05,1,0.014232,0.514,0.002562,1
1.7342,335.61,645.58,14.775,2.6675e-18,1.3653e+05,1,0.015249,0.515,0.002745,1
1.731,336.1,644.72,15.317,2.275e-18,1.3735e+05,1,0.016266,0.516,0.002928,1
1.7277,336.59,643.87,15.858,1.8825e-18,1.3818e+05,1,0.017282,0.517,0.003111,1
1.7245,337.08,643.01,16.399,1.4901e-18,1.3901e+05,1,0.018299,0.518,0.003294,1
1.7212,337.58,642.16,16.94,1.0977e-18,1.3983e+05,1,0.019316,0.519,0.003477,1
1.718,338.07,641.3,17.481,7.0523e-19,1.4066e+05,1,0.020332,0.52,0.00366,1
1.7147,338.56,640.45,18.022,3.128e-19,1.4149e+05,1,0.021349,0.521,0.003843,1
1.7115,339.05,639.59,18.563,-7.9606e-20,1.4231e+05,1,0.022365,0.522,0.004026,1
1.7082,339.54,638.74,19.104,-4.72e-19,1.4314e+05,1,0.023382,0.523,0.004209,1
1.7049,340.03,637.88,19.645,-8.6437e-19,1.4397e+05,1,0.024399,0.524,0.004392,1
1.7017,340.52,637.03,20.186,-1.2567e-18,1.448e+05,1,0.025415,0.525,0.004575,1
1.6984,341.02,636.17,20.727,-1.6491e-18,1.4562e+05,1,0.026432,0.526,0.004758,1
1.6952,341.51,635.32,21.268,-2.0415e-18,1.4645e+05,1,0.027448,0.527,0.004941,1
1.6919,342,634.46,21.809,-2.4338e-18,1.4728e+05,1,0.028465,0.528,0.005124,1
1.6887,342.49,633.61,22.35,-2.8261e-18,1.481e+05,1,0.029482,0.529,0.005307,1
1.6855,342.97,632.77,22.902,-3.0948e-18,1.4892e+05,1,0.030498,0.53,0.00549,1
1.6829,343.37,632.03,23.516,-2.6589e-18,1.4966e+05,1,0.031515,0.531,0.005673,1
1.6803,343.77,631.29,24.131,-2.223e-18,1.504e+05,1,0.032531,0.532,0.005856,1
1.6777,344.17,630.56,24.745,-1.7871e-18,1.5114e+05,1,0.033548,0.533,0.006039,1
1.675,344.57,629.82,25.359,-1.3512e-18,1.5188e+05,1,0.034565,0.534,0.006222,1
1.6724,344.97,629.08,25.973,-9.1526e-19,1.5262e+05,1,0.035581,0.535,0.006405,1
1.6698,345.37,628.34,26.588,-4.7939e-19,1.5336e+05,1,0.036598,0.536,0.006588,1
1.6672,345.77,627.61,27.202,-4.3522e-20,1.541e+05,1,0.037614,0.537,0.006771,1
1.6646,346.17,626.87,27.816,3.9234e-19,1.5484e+05,1,0.038631,0.538,0.006954,1
1.662,346.57,626.13,28.43,8.2819e-19,1.5558e+05,1,0.039648,0.539,0.007137,1
1.6594,346.97,625.39,29.045,1.2641e-18,1.5631e+05,1,0.040664,0.54,0.00732,1
1.6567,347.37,624.66,29.659,1.6999e-18,1.5705e+05,1,0.041681,0.541,0.007503,1
1.6541,347.77,623.92,30.273,2.1357e-18,1.5779e+05,1,0.042697,0.542,0.007686,1
1.6515,348.17,623.18,30.887,2.5715e-18,1.5853e+05,1,0.043714,0.543,0.007869,1
1.6489,348.57,622.44,31.502,3.0074e-18,1.5927e+05,1,0.044731,0.544,0.008052,1
1.6464,348.95,621.73,32.124,3.4417e-18,1.5999e+05,1,0.045747,0.545,0.008235,1
1.6444,349.27,621.12,32.777,3.8708e-18,1.6063e+05,1,0.046764,0.546,0.008418,1
1.6423,349.58,620.5,33.429,4.2999e-18,1.6126e+05,1,0.047781,0.547,0.008601,1
1.6403,349.9,619.88,34.082,4.729e-18,1.619e+05,1,0.048797,0.548,0.008784,1
1.6382,350.21,619.26,34.734,5.1581e-18,1.6253e+05,1,0.049814,0.549,0.008967,1
1.6362,350.53,618.64,35.387,5.5872e-18,1.6317e+05,1,0.05083,0.55,0.00915,1
1.6342,350.85,618.03,36.039,6.0162e-18,1.638e+05,1,0.051847,0.551,0.009333,1
1.6321,351.16,617.41,36.692,6.4453e-18,1.6444e+05,1,0.052864,0.552,0.009516,1
1.6301,351.48,616.79,37.344,6.8743e-18,1.6507e+05,1,0.05388,0.553,0.009699,1
1.628,351.79,616.17,37.997,7.3033e-18,1.6571e+05,1,0.054897,0.554,0.009882,1
1.626,352.11,615.56,38.649,7.7323e-18,1.6634e+05,1,0.055913,0.555,0.010065,1
1.624,352.43,614.94,39.302,8.1613e-18,1.6698e+05,1,0.05693,0.556,0.010248,1
1.6219,352.74,614.32,39.954,8.5903e-18,1.6761e+05,1,0.057947,0.557,0.010431,1
1.6199,353.06,613.7,40.607,9.0193e-18,1.6825e+05,1,0.058963,0.558,0.010614,1
1.6178,353.37,613.08,41.26,9.4482e-18,1.6888e+05,1,0.05998,0.559,0.010797,1
1.616,353.67,612.5,41.914,9.6822e-18,1.6948e+05,1,0.060996,0.56,0.01098,1
1.6144,353.9,612,42.573,9.4581e-18,1.7e+05,1,0.062013,0.561,0.011163,1
1.6129,354.14,611.5,43.233,9.2341e-18,1.7052e+05,1,0.06303,0.562,0.011346,1
1.6114,354.38,611,43.892,9.01e-18,1.7104e+05,1,0.064046,0.563,0.011529,1
1.6099,354.61,610.5,44.551,8.7859e-18,1.7155e+05,1,0.065063,0.564,0.011712,1
1.6083,354.85,610,45.21,8.5619e-18,1.7207e+05,1,0.066079,0.565,0.011895,1
1.6068,355.09,609.5,45.87,8.3378e-18,1.7259e+05,1,0.067096,0.566,0.012078,1
1.6053,355.32,609,46.529,8.1138e-18,1.7311e+05,1,0.068113,0.567,0.012261,1
1.6037,355.56,608.5,47.188,7.8897e-18,1.7363e+05,1,0.069129,0.568,0.012444,1
1.6022,355.8,608,47.847,7.6657e-18,1.7414e+05,1,0.070146,0.569,0.012627,1
1.6007,356.04,607.5,48.507,7.4417e-18,1.7466e+05,1,0.071162,0.57,0.01281,1
1.5992,356.27,606.99,49.166,7.2177e-18,1.7518e+05,1,0.072179,0.571,0.012993,1
1.5976,356.51,606.49,49.825,6.9936e-18,1.757e+05,1,0.073196,0.572,0.013176,1
1.5961,356.75,605.99,50.485,6.7696e-18,1.7621e+05,1,0.074212,0.573,0.013359,1
1.5946,356.98,605.49,51.144,6.5457e-18,1.7673e+05,1,0.075229,0.574,0.013542,1
1.5932,357.19,605.04,51.795,6.3325e-18,1.772e+05,1,0.076245,0.575,0.013725,1
1.5922,357.36,604.65,52.433,6.1376e-18,1.776e+05,1,0.077262,0.576,0.013908,1
1.5911,357.52,604.26,53.071,5.9427e-18,1.7799e+05,1,0.078279,0.577,0.014091,1
1.59,357.69,603.88,53.709,5.7478e-18,1.7838e+05,1,0.079295,0.578,0.014274,1
1.589,357.85,603.49,54.347,5.5529e-18,1.7878e+05,1,0.080312,0.579,0.014457,1
1.5879,358.02,603.11,54.984,5.358e-18,1.7917e+05,1,0.081329,0.58,0.01464,1
1.5869,358.18,602.72,55.622,5.1631e-18,1.7956e+05,1,0.082345,0.581,0.014823,1
1.5858,358.35,602.33,56.26,4.9682e-18,1.7996e+05,1,0.083362,0.582,0.015006,1
1.5847,358.51,601.95,56.898,4.7733e-18,1.8035e+05,1,0.084378,0.583,0.015189,1
1.5837,358.67,601.56,57.536,4.5784e-18,1.8074e+05,1,0.085395,0.584,0.015372,1
1.5826,358.84,601.18,58.174,4.3835e-18,1.8114e+05,1,0.086412,0.585,0.015555,1
1.5815,359,600.79,58.812,4.1886e-18,1.8153e+05,1,0.087428,0.586,0.015738,1
1.5805,359.17,600.4,59.45,3.9937e-18,1.8192e+05,1,0.088445,0.587,0.015921,1
1.5794,359.33,600.02,60.088,3.7989e-18,1.8232e+05,1,0.089461,0.588,0.016104,1
1.5783,359.5,599.63,60.725,3.604e-18,1.8271e+05,1,0.090478,0.589,0.016287,1
1.5775,359.63,599.29,61.343,3.3908e-18,1.8305e+05,1,0.091495,0.59,0.01647,1
1.5768,359.73,599.02,61.935,3.155e-18,1.8332e+05,1,0.092511,0.591,0.016653,1
1.5762,359.83,598.74,62.527,2.9193e-18,1.8359e+05,1,0.093528,0.592,0.016836,1
1.5755,359.93,598.47,63.12,2.6836e-18,1.8386e+05,1,0.094544,0.593,0.017019,1
1.5749,360.03,598.19,63.712,2.4479e-18,1.8413e+05,1,0.095561,0.594,0.017202,1
1.5742,360.13,597.92,64.304,2.2121e-18,1.844e+05,1,0.096578,0.595,0.017385,1
1.5736,360.23,597.64,64.896,1.9764e-18,1.8467e+05,1,0.097594,0.596,0.017568,1
1.5729,360.33,597.36,65.489,1.7407e-18,1.8493e+05,1,0.098611,0.597,0.017751,1
1.5722,360.43,597.09,66.081,1.505e-18,1.852e+05,1,0.099627,0.598,0.017934,1
1.5716,360.53,596.81,66.673,1.2693e-18,1.8547e+05,1,0.10064,0.599,0.018117,1
1.5709,360.63,596.54,67.265,1.0337e-18,1.8574e+05,1,0.10166,0.6,0.0183,1
1.5703,360.73,596.26,67.858,7.9799e-19,1.8601e+05,1,0.10268,0.601,0.018483,1
1.5696,360.83,595.99,68.45,5.6233e-19,1.8628e+05,1,0.10369,0.602,0.018666,1
1.569,360.93,595.71,69.042,3.2667e-19,1.8655e+05,1,0.10471,0.603,0.018849,1
1.5683,361.03,595.43,69.634,9.1028e-20,1.8682e+05,1,0.10573,0.604,0.019032,1
1.5679,361.1,595.21,70.193,-3.1224e-20,1.8703e+05,1,0.10674,0.605,0.019215,1
1.5676,361.14,595.04,70.72,-4.9798e-20,1.8718e+05,1,0.10776,0.606,0.019398,1
1.5673,361.18,594.87,71.247,-6.8366e-20,1.8733e+05,1,0.10878,0.607,0.019581,1
1.567,361.23,594.7,71.774,-8.6929e-20,1.8748e+05,1,0.10979,0.608,0.019764,1
1.5667,361.27,594.53,72.302,-1.0549e-19,1.8764e+05,1,0.11081,0.609,0.019947,1
1.5664,361.31,594.35,72.829,-1.2404e-19,1.8779e+05,1,0.11183,0.61,0.02013,1
1.5661,361.35,594.18,73.356,-1.4259e-19,1.8794e+05,1,0.11284,0.611,0.020313,1
1.5659,361.4,594.01,73.883,-1.6113e-19,1.8809e+05,1,0.11386,0.612,0.020496,1
1.5656,361.44,593.84,74.41,-1.7966e-19,1.8824e+05,1,0.11488,0.613,0.020679,1
1.5653,361.48,593.67,74.938,-1.9819e-19,1.884e+05,1,0.11589,0.614,0.020862,1
1.565,361.52,593.49,75.465,-2.1672e-19,1.8855e+05,1,0.11691,0.615,0.021045,1
1.5647,361.57,593.32,75.992,-2.3524e-19,1.887e+05,1,0.11793,0.616,0.021228,1
1.5644,361.61,593.15,76.519,-2.5375e-19,1.8885e+05,1,0.11894,0.617,0.021411,1
1.5641,361.65,592.98,77.047,-2.7226e-19,1.89e+05,1,0.11996,0.618,0.021594,1
1.5638,361.69,592.81,77.574,-2.9076e-19,1.8916e+05,1,0.12098,0.619,0.021777,1
1.5637,361.71,592.69,78.053,-1.5752e-19,1.8925e+05,1,0.12199,0.62,0.02196,1
1.5638,361.7,592.61,78.501,7.814e-20,1.8929e+05,1,0.12301,0.621,0.022143,1
1.5638,361.7,592.53,78.949,3.1379e-19,1.8934e+05,1,0.12403,0.622,0.022326,1
1.5638,361.69,592.46,79.396,5.4946e-19,1.8939e+05,1,0.12504,0.623,0.022509,1
1.5638,361.69,592.38,79.844,7.851e-19,1.8943e+05,1,0.12606,0.624,0.022692,1
1.5638,361.68,592.3,80.292,1.0207e-18,1.8948e+05,1,0.12708,0.625,0.022875,1
1.5639,361.68,592.22,80.739,1.2564e-18,1.8953e+05,1,0.12809,0.626,0.023058,1
1.5639,361.67,592.15,81.187,1.492e-18,1.8957e+05,1,0.12911,0.627,0.023241,1
1.5639,361.67,592.07,81.635,1.7276e-18,1.8962e+05,1,0.13013,0.628,0.023424,1
1.5639,361.66,591.99,82.082,1.9632e-18,1.8967e+05,1,0.13114,0.629,0.023607,1
1.5639,361.66,591.91,82.53,2.1988e-18,1.8972e+05,1,0.13216,0.63,0.02379,1
1.564,361.65,591.84,82.978,2.4344e-18,1.8976e+05,1,0.13318,0.631,0.023973,1
1.564,361.65,591.76,83.425,2.67e-18,1.8981e+05,1,0.13419,0.632,0.024156,1
1.564,361.64,591.68,83.873,2.9056e-18,1.8986e+05,1,0.13521,0.633,0.024339,1
1.564,361.64,591.6,84.321,3.1412e-18,1.899e+05,1,0.13623,0.634,0.024522,1
1.5642,361.61,591.58,84.71,2.9164e-18,1.8989e+05,1,0.13724,0.635,0.024705,1
1.5645,361.57,591.58,85.072,2.4666e-18,1.8985e+05,1,0.13826,0.636,0.024888,1
1.5647,361.52,591.59,85.433,2.0168e-18,1.8981e+05,1,0.13928,0.637,0.025071,1
1.565,361.48,591.59,85.795,1.5671e-18,1.8977e+05,1,0.14029,0.638,0.025254,1
1.5653,361.44,591.6,86.156,1.1173e-18,1.8973e+05,1,0.14131,0.639,0.025437,1
1.5656,361.39,591.6,86.517,6.676e-19,1.8969e+05,1,0.14232,0.64,0.02562,1
1.5658,361.35,591.6,86.879,2.1791e-19,1.8965e+05,1,0.14334,0.641,0.025803,1
1.5661,361.31,591.61,87.24,-2.3179e-19,1.8961e+05,1,0.14436,0.642,0.025986,1
1.5664,361.26,591.61,87.602,-6.8143e-19,1.8957e+05,1,0.14537,0.643,0.026169,1
1.5667,361.22,591.61,87.963,-1.1311e-18,1.8953e+05,1,0.14639,0.644,0.026352,1
1.5669,361.18,591.62,88.324,-1.5807e-18,1.8949e+05,1,0.14741,0.645,0.026535,1
1.5672,361.13,591.62,88.686,-2.0303e-18,1.8945e+05,1,0.14842,0.646,0.026718,1
1.5675,361.09,591.63,89.047,-2.4798e-18,1.894e+05,1,0.14944,0.647,0.026901,1
1.5677,361.05,591.63,89.409,-2.9294e-18,1.8936e+05,1,0.15046,0.648,0.027084,1
1.568,361,591.63,89.77,-3.3789e-18,1.8932e+05,1,0.15147,0.649,0.027267,1
1.5684,360.94,591.68,90.068,-3.3189e-18,1.8923e+05,1,0.15249,0.65,0.02745,1
1.5689,360.87,591.75,90.345,-3.0857e-18,1.8913e+05,1,0.15351,0.651,0.027633,1
1.5693,360.8,591.82,90.621,-2.8526e-18,1.8902e+05,1,0.15452,0.652,0.027816,1
1.5698,360.73,591.89,90.898,-2.6194e-18,1.8892e+05,1,0.15554,0.653,0.027999,1
1.5703,360.66,591.95,91.174,-2.3863e-18,1.8881e+05,1,0.15656,0.654,0.028182,1
1.5707,360.59,592.02,91.451,-2.1531e-18,1.8871e+05,1,0.15757,0.655,0.028365,1
1.5712,360.52,592.09,91.728,-1.92e-18,1.886e+05,1,0.15859,0.656,0.028548,1
1.5716,360.45,592.16,92.004,-1.6869e-18,1.8849e+05,1,0.15961,0.657,0.028731,1
1.5721,360.38,592.22,92.281,-1.4538e-18,1.8839e+05,1,0.16062,0.658,0.028914,1
1.5726,360.3,592.29,92.557,-1.2207e-18,1.8828e+05,1,0.16164,0.659,0.029097,1
1.573,360.23,592.36,92.834,-9.8766e-19,1.8818e+05,1,0.16266,0.66,0.02928,1
1.5735,360.16,592.43,93.11,-7.5462e-19,1.8807e+05,1,0.16367,0.661,0.029463,1
1.5739,360.09,592.49,93.387,-5.2158e-19,1.8797e+05,1,0.16469,0.662,0.029646,1
1.5744,360.02,592.56,93.664,-2.8856e-19,1.8786e+05,1,0.16571,0.663,0.029829,1
1.5748,359.95,592.63,93.94,-5.5555e-20,1.8776e+05,1,0.16672,0.664,0.030012,1
1.5754,359.87,592.73,94.152,3.6334e-19,1.8762e+05,1,0.16774,0.665,0.030195,1
1.5759,359.79,592.84,94.349,8.2275e-19,1.8747e+05,1,0.16876,0.666,0.030378,1
1.5765,359.7,592.94,94.546,1.2821e-18,1.8733e+05,1,0.16977,0.667,0.030561,1
1.577,359.62,593.05,94.744,1.7415e-18,1.8718e+05,1,0.17079,0.668,0.030744,1
1.5776,359.53,593.16,94.941,2.2008e-18,1.8704e+05,1,0.17181,0.669,0.030927,1
1.5782,359.45,593.27,95.139,2.6601e-18,1.8689e+05,1,0.17282,0.67,0.03111,1
1.5787,359.37,593.38,95.336,3.1194e-18,1.8675e+05,1,0.17384,0.671,0.031293,1
1.5793,359.28,593.48,95.533,3.5786e-18,1.866e+05,1,0.17486,0.672,0.031476,1
1.5798,359.2,593.59,95.731,4.0378e-18,1.8646e+05,1,0.17587,0.673,0.031659,1
1.5804,359.12,593.7,95.928,4.497e-18,1.8631e+05,1,0.17689,0.674,0.031842,1
1.5809,359.03,593.81,96.125,4.9562e-18,1.8616e+05,1,0.17791,0.675,0.032025,1
1.5815,358.95,593.91,96.323,5.4153e-18,1.8602e+05,1,0.17892,0.676,0.032208,1
1.5821,358.87,594.02,96.52,5.8744e-18,1.8587e+05,1,0.17994,0.677,0.032391,1
1.5826,358.78,594.13,96.718,6.3334e-18,1.8573e+05,1,0.18096,0.678,0.032574,1
1.5832,358.7,594.24,96.915,6.7925e-18,1.8558e+05,1,0.18197,0.679,0.032757,1
1.5837,358.61,594.36,97.05,6.6273e-18,1.8543e+05,1,0.18299,0.68,0.03294,1
1.5843,358.53,594.49,97.178,6.3894e-18,1.8527e+05,1,0.18401,0.681,0.033123,1
1.5849,358.44,594.62,97.306,6.1514e-18,1.8511e+05,1,0.18502,0.682,0.033306,1
1.5855,358.36,594.74,97.433,5.9134e-18,1.8495e+05,1,0.18604,0.683,0.033489,1
1.586,358.27,594.87,97.561,5.6754e-18,1.8479e+05,1,0.18706,0.684,0.033672,1
1.5866,358.19,594.99,97.689,5.4374e-18,1.8463e+05,1,0.18807,0.685,0.033855,1
1.5872,358.11,595.12,97.817,5.1994e-18,1.8447e+05,1,0.18909,0.686,0.034038,1
1.5878,358.02,595.25,97.945,4.9614e-18,1.8431e+05,1,0.19011,0.687,0.034221,1
1.5883,357.94,595.37,98.072,4.7234e-18,1.8415e+05,1,0.19112,0.688,0.034404,1
1.5889,357.85,595.5,98.2,4.4854e-18,1.8399e+05,1,0.19214,0.689,0.034587,1
1.5895,357.77,595.63,98.328,4.2474e-18,1.8383e+05,1,0.19316,0.69,0.03477,1
1.5901,357.68,595.75,98.456,4.0094e-18,1.8367e+05,1,0.19417,0.691,0.034953,1
1.5906,357.6,595.88,98.584,3.7714e-18,1.8351e+05,1,0.19519,0.692,0.035136,1
1.5912,357.51,596.01,98.711,3.5334e-18,1.8335e+05,1,0.19621,0.693,0.035319,1
1.5918,357.43,596.13,98.839,3.2954e-18,1.8319e+05,1,0.19722,0.694,0.035502,1
1.5923,357.35,596.26,98.911,2.8473e-18,1.8303e+05,1,0.19824,0.695,0.035685,1
1.5929,357.27,596.39,98.982,2.3927e-18,1.8288e+05,1,0.19925,0.696,0.035868,1
1.5934,357.2,596.52,99.052,1.9382e-18,1.8272e+05,1,0.20027,0.697,0.036051,1
1.5939,357.12,596.64,99.123,1.4837e-18,1.8257e+05,1,0.20129,0.698,0.036234,1
1.5945,357.04,596.77,99.194,1.0292e-18,1.8241e+05,1,0.2023,0.699,0.036417,1
1.595,356.96,596.9,99.264,5.7474e-19,1.8226e+05,1,0.20332,0.7,0.0366,1
1.5956,356.89,597.03,99.335,1.2031e-19,1.821e+05,1,0.20434,0.701,0.036783,1
1.5961,356.81,597.16,99.405,-3.3411e-19,1.8195e+05,1,0.20535,0.702,0.036966,1
1.5966,356.73,597.29,99.476,-7.8847e-19,1.8179e+05,1,0.20637,0.703,0.037149,1
1.5972,356.65,597.41,99.546,-1.2428e-18,1.8164e+05,1,0.20739,0.704,0.037332,1
1.5977,356.58,597.54,99.617,-1.6971e-18,1.8148e+05,1,0.2084,0.705,0.037515,1
1.5983,356.5,597.67,99.687,-2.1514e-18,1.8133e+05,1,0.20942,0.706,0.037698,1
1.5988,356.42,597.8,99.758,-2.6057e-18,1.8117e+05,1,0.21044,0.707,0.037881,1
1.5993,356.34,597.93,99.829,-3.0599e-18,1.8102e+05,1,0.21145,0.708,0.038064,1
1.5999,356.27,598.05,99.897,-3.4936e-18,1.8086e+05,1,0.21247,0.709,0.038247,1
1.6003,356.2,598.17,99.924,-3.489e-18,1.8073e+05,1,0.21349,0.71,0.03843,1
1.6008,356.14,598.29,99.95,-3.4844e-18,1.8059e+05,1,0.2145,0.711,0.038613,1
1.6013,356.07,598.41,99.977,-3.4798e-18,1.8045e+05,1,0.21552,0.712,0.038796,1
1.6017,356,598.53,100,-3.4752e-18,1.8031e+05,1,0.21654,0.713,0.038979,1
1.6022,355.94,598.64,100.03,-3.4706e-18,1.8017e+05,1,0.21755,0.714,0.039162,1
1.6027,355.87,598.76,100.06,-3.466e-18,1.8004e+05,1,0.21857,0.715,0.039345,1
1.6031,355.81,598.88,100.08,-3.4614e-18,1.799e+05,1,0.21959,0.716,0.039528,1
1.6036,355.74,599,100.11,-3.4568e-18,1.7976e+05,1,0.2206,0.717,0.039711,1
1.6041,355.68,599.12,100.14,-3.4522e-18,1.7962e+05,1,0.22162,0.718,0.039894,1
1.6045,355.61,599.23,100.16,-3.4475e-18,1.7948e+05,1,0.22264,0.719,0.040077,1
1.605,355.54,599.35,100.19,-3.4429e-18,1.7934e+05,1,0.22365,0.72,0.04026,1
1.6055,355.48,599.47,100.22,-3.4383e-18,1.7921e+05,1,0.22467,0.721,0.040443,1
1.6059,355.41,599.59,100.24,-3.4336e-18,1.7907e+05,1,0.22569,0.722,0.040626,1
1.6064,355.35,599.71,100.27,-3.4289e-18,1.7893e+05,1,0.2267,0.723,0.040809,1
1.6069,355.28,599.82,100.29,-3.3973e-18,1.7879e+05,1,0.22772,0.724,0.040992,1
1.6072,355.23,599.92,100.29,-3.1665e-18,1.7868e+05,1,0.22874,0.725,0.041175,1
1.6076,355.18,600.02,100.28,-2.9358e-18,1.7857e+05,1,0.22975,0.726,0.041358,1
1.608,355.13,600.12,100.28,-2.7052e-18,1.7845e+05,1,0.23077,0.727,0.041541,1
1.6084,355.08,600.23,100.27,-2.4745e-18,1.7834e+05,1,0.23179,0.728,0.041724,1
1.6087,355.03,600.33,100.27,-2.2438e-18,1.7822e+05,1,0.2328,0.729,0.041907,1
1.6091,354.97,600.43,100.27,-2.0132e-18,1.7811e+05,1,0.23382,0.73,0.04209,1
1.6095,354.92,600.53,100.26,-1.7825e-18,1.7799e+05,1,0.23484,0.731,0.042273,1
1.6099,354.87,600.63,100.26,-1.5519e-18,1.7788e+05,1,0.23585,0.732,0.042456,1
1.6103,354.82,600.73,100.25,-1.3213e-18,1.7776e+05,1,0.23687,0.733,0.042639,1
1.6106,354.77,600.83,100.25,-1.0907e-18,1.7765e+05,1,0.23789,0.734,0.042822,1
1.611,354.72,600.93,100.24,-8.6017e-19,1.7754e+05,1,0.2389,0.735,0.043005,1
1.6114,354.66,601.03,100.24,-6.2961e-19,1.7742e+05,1,0.23992,0.736,0.043188,1
1.6118,354.61,601.13,100.23,-3.9907e-19,1.7731e+05,1,0.24094,0.737,0.043371,1
1.6121,354.56,601.23,100.23,-1.6854e-19,1.7719e+05,1,0.24195,0.738,0.043554,1
1.6125,354.51,601.33,100.22,1.759e-20,1.7708e+05,1,0.24297,0.739,0.043737,1
1.6128,354.48,601.41,100.2,1.9337e-20,1.77e+05,1,0.24399,0.74,0.04392,1
1.613,354.44,601.49,100.17,2.1084e-20,1.7691e+05,1,0.245,0.741,0.044103,1
1.6133,354.4,601.56,100.15,2.2832e-20,1.7682e+05,1,0.24602,0.742,0.044286,1
1.6136,354.36,601.64,100.13,2.4579e-20,1.7673e+05,1,0.24704,0.743,0.044469,1
1.6139,354.33,601.72,100.1,2.6327e-20,1.7664e+05,1,0.24805,0.744,0.044652,1
1.6142,354.29,601.8,100.08,2.8074e-20,1.7656e+05,1,0.24907,0.745,0.044835,1
1.6144,354.25,601.88,100.05,2.9822e-20,1.7647e+05,1,0.25009,0.746,0.045018,1
1.6147,354.22,601.96,100.03,3.157e-20,1.7638e+05,1,0.2511,0.747,0.045201,1
1.615,354.18,602.04,100.01,3.3318e-20,1.7629e+05,1,0.25212,0.748,0.045384,1
1.6153,354.14,602.12,99.981,3.5066e-20,1.762e+05,1,0.25314,0.749,0.045567,1
1.6156,354.11,602.2,99.957,3.6814e-20,1.7612e+05,1,0.25415,0.75,0.04575,1
1.6158,354.07,602.28,99.933,3.8563e-20,1.7603e+05,1,0.25517,0.751,0.045933,1
1.6161,354.03,602.36,99.909,4.0311e-20,1.7594e+05,1,0.25618,0.752,0.046116,1
1.6164,353.99,602.43,99.885,4.206e-20,1.7585e+05,1,0.2572,0.753,0.046299,1
1.6166,353.96,602.51,99.858,-1.8858e-20,1.7577e+05,1,0.25822,0.754,0.046482,1
1.6168,353.94,602.56,99.825,-2.5038e-19,1.7571e+05,1,0.25923,0.755,0.046665,1
1.617,353.91,602.62,99.791,-4.8189e-19,1.7565e+05,1,0.26025,0.756,0.046848,1
1.6172,353.89,602.68,99.757,-7.134e-19,1.7559e+05,1,0.26127,0.757,0.047031,1
1.6174,353.87,602.73,99.723,-9.449e-19,1.7553e+05,1,0.26228,0.758,0.047214,1
1.6176,353.84,602.79,99.689,-1.1764e-18,1.7546e+05,1,0.2633,0.759,0.047397,1
1.6178,353.82,602.85,99.655,-1.4079e-18,1.754e+05,1,0.26432,0.76,0.04758,1
1.6179,353.8,602.9,99.621,-1.6393e-18,1.7534e+05,1,0.26533,0.761,0.047763,1
1.6181,353.77,602.96,99.587,-1.8708e-18,1.7528e+05,1,0.26635,0.762,0.047946,1
1.6183,353.75,603.02,99.553,-2.1023e-18,1.7522e+05,1,0.26737,0.763,0.048129,1
1.6185,353.73,603.07,99.52,-2.3337e-18,1.7516e+05,1,0.26838,0.764,0.048312,1
1.6187,353.7,603.13,99.486,-2.5652e-18,1.751e+05,1,0.2694,0.765,0.048495,1
1.6189,353.68,603.19,99.452,-2.7966e-18,1.7503e+05,1,0.27042,0.766,0.048678,1
1.6191,353.66,603.24,99.418,-3.0281e-18,1.7497e+05,1,0.27143,0.767,0.048861,1
1.6192,353.63,603.3,99.384,-3.2595e-18,1.7491e+05,1,0.27245,0.768,0.049044,1
1.6194,353.62,603.35,99.349,-3.3322e-18,1.7486e+05,1,0.27347,0.769,0.049227,1
1.6195,353.6,603.39,99.313,-3.1011e-18,1.7482e+05,1,0.27448,0.77,0.04941,1
1.6196,353.59,603.42,99.277,-2.8701e-18,1.7478e+05,1,0.2755,0.771,0.049593,1
1.6197,353.58,603.46,99.241,-2.639e-18,1.7475e+05,1,0.27652,0.772,0.049776,1
1.6198,353.57,603.49,99.205,-2.408e-18,1.7471e+05,1,0.27753,0.773,0.049959,1
1.6199,353.56,603.53,99.168,-2.177e-18,1.7467e+05,1,0.27855,0.774,0.050142,1
1.62,353.55,603.56,99.132,-1.946e-18,1.7463e+05,1,0.27957,0.775,0.050325,1
1.6201,353.54,603.6,99.096,-1.7149e-18,1.746e+05,1,0.28058,0.776,0.050508,1
1.6202,353.52,603.63,99.06,-1.4839e-18,1.7456e+05,1,0.2816,0.777,0.050691,1
1.6203,353.51,603.67,99.024,-1.2529e-18,1.7452e+05,1,0.28262,0.778,0.050874,1
1.6204,353.5,603.7,98.987,-1.0219e-18,1.7449e+05,1,0.28363,0.779,0.051057,1
1.6205,353.49,603.74,98.951,-7.9097e-19,1.7445e+05,1,0.28465,0.78,0.05124,1
1.6206,353.48,603.77,98.915,-5.5998e-19,1.7441e+05,1,0.28567,0.781,0.051423,1
1.6207,353.47,603.81,98.879,-3.2901e-19,1.7437e+05,1,0.28668,0.782,0.051606,1
1.6208,353.46,603.84,98.843,-9.8056e-20,1.7434e+05,1,0.2877,0.783,0.051789,1
1.6209,353.45,603.87,98.808,3.5861e-20,1.7431e+05,1,0.28872,0.784,0.051972,1
1.6209,353.45,603.89,98.775,3.4614e-20,1.7429e+05,1,0.28973,0.785,0.052155,1
1.6209,353.45,603.9,98.742,3.3366e-20,1.7427e+05,1,0.29075,0.786,0.052338,1
1.621,353.45,603.92,98.709,3.2119e-20,1.7426e+05,1,0.29177,0.787,0.052521,1
1.621,353.44,603.94,98.676,3.0871e-20,1.7424e+05,1,0.29278,0.788,0.052704,1
1.621,353.44,603.95,98.643,2.9624e-20,1.7422e+05,1,0.2938,0.789,0.052887,1
1.621,353.44,603.97,98.61,2.8376e-20,1.7421e+05,1,0.29482,0.79,0.05307,1
1.6211,353.44,603.98,98.577,2.7129e-20,1.7419e+05,1,0.29583,0.791,0.053253,1
1.6211,353.44,604,98.545,2.5882e-20,1.7417e+05,1,0.29685,0.792,0.053436,1
1.6211,353.44,604.02,98.512,2.4635e-20,1.7416e+05,1,0.29787,0.793,0.053619,1
1.6212,353.44,604.03,98.479,2.3387e-20,1.7414e+05,1,0.29888,0.794,0.053802,1
1.6212,353.44,604.05,98.446,2.214e-20,1.7412e+05,1,0.2999,0.795,0.053985,1
1.6212,353.43,604.06,98.413,2.0893e-20,1.7411e+05,1,0.30092,0.796,0.054168,1
1.6213,353.43,604.08,98.38,1.9646e-20,1.7409e+05,1,0.30193,0.797,0.054351,1
1.6213,353.43,604.1,98.347,1.8399e-20,1.7407e+05,1,0.30295,0.798,0.054534,1
1.6213,353.43,604.11,98.317,-9.6249e-20,1.7407e+05,1,0.30397,0.799,0.054717,1
1.6213,353.44,604.11,98.291,-3.2771e-19,1.7407e+05,1,0.30498,0.8,0.0549,1
1.6212,353.45,604.11,98.265,-5.5916e-19,1.7407e+05,1,0.306,0.801,0.055083,1
1.6212,353.45,604.11,98.239,-7.9061e-19,1.7407e+05,1,0.30702,0.802,0.055266,1
1.6212,353.46,604.11,98.213,-1.022e-18,1.7407e+05,1,0.30803,0.803,0.055449,1
1.6212,353.46,604.11,98.187,-1.2535e-18,1.7407e+05,1,0.30905,0.804,0.055632,1
1.6211,353.47,604.11,98.161,-1.4849e-18,1.7407e+05,1,0.31007,0.805,0.055815,1
1.6211,353.48,604.11,98.135,-1.7163e-18,1.7407e+05,1,0.31108,0.806,0.055998,1
1.6211,353.48,604.11,98.109,-1.9477e-18,1.7407e+05,1,0.3121,0.807,0.056181,1
1.6211,353.49,604.11,98.083,-2.1792e-18,1.7407e+05,1,0.31311,0.808,0.056364,1
1.621,353.5,604.11,98.057,-2.4106e-18,1.7407e+05,1,0.31413,0.809,0.056547,1
1.621,353.5,604.11,98.031,-2.6419e-18,1.7407e+05,1,0.31515,0.81,0.05673,1
1.621,353.51,604.11,98.005,-2.8733e-18,1.7407e+05,1,0.31616,0.811,0.056913,1
1.621,353.51,604.11,97.979,-3.1047e-18,1.7407e+05,1,0.31718,0.812,0.057096,1
1.6209,353.52,604.11,97.953,-3.3361e-18,1.7407e+05,1,0.3182,0.813,0.057279,1
1.6209,353.53,604.11,97.932,-3.3043e-18,1.7407e+05,1,0.31921,0.814,0.057462,1
1.6208,353.54,604.09,97.915,-3.0717e-18,1.7409e+05,1,0.32023,0.815,0.057645,1
1.6208,353.55,604.08,97.898,-2.8391e-18,1.741e+05,1,0.32125,0.816,0.057828,1
1.6207,353.56,604.07,97.881,-2.6065e-18,1.7411e+05,1,0.32226,0.817,0.058011,1
1.6206,353.58,604.06,97.864,-2.3739e-18,1.7412e+05,1,0.32328,0.818,0.058194,1
1.6206,353.59,604.05,97.847,-2.1413e-18,1.7413e+05,1,0.3243,0.819,0.058377,1
1.6205,353.6,604.04,97.83,-1.9087e-18,1.7415e+05,1,0.32531,0.82,0.05856,1
1.6204,353.61,604.02,97.813,-1.6761e-18,1.7416e+05,1,0.32633,0.821,0.058743,1
1.6204,353.62,604.01,97.796,-1.4435e-18,1.7417e+05,1,0.32735,0.822,0.058926,1
1.6203,353.63,604,97.778,-1.2109e-18,1.7418e+05,1,0.32836,0.823,0.059109,1
1.6202,353.64,603.99,97.761,-9.7825e-19,1.742e+05,1,0.32938,0.824,0.059292,1
1.6202,353.66,603.98,97.744,-7.4565e-19,1.7421e+05,1,0.3304,0.825,0.059475,1
1.6201,353.67,603.97,97.727,-5.1305e-19,1.7422e+05,1,0.33141,0.826,0.059658,1
1.62,353.68,603.96,97.71,-2.8044e-19,1.7423e+05,1,0.33243,0.827,0.059841,1
1.62,353.69,603.94,97.693,-4.7834e-20,1.7425e+05,1,0.33345,0.828,0.060024,1
1.6199,353.7,603.93,97.682,3.4944e-20,1.7426e+05,1,0.33446,0.829,0.060207,1
1.6198,353.72,603.91,97.674,3.4091e-20,1.7428e+05,1,0.33548,0.83,0.06039,1
1.6197,353.73,603.89,97.667,3.3239e-20,1.743e+05,1,0.3365,0.831,0.060573,1
1.6196,353.75,603.87,97.659,3.2386e-20,1.7433e+05,1,0.33751,0.832,0.060756,1
1.6196,353.76,603.85,97.652,3.1533e-20,1.7435e+05,1,0.33853,0.833,0.060939,1
1.6195,353.78,603.83,97.644,3.0681e-20,1.7437e+05,1,0.33955,0.834,0.061122,1
1.6194,353.79,603.81,97.637,2.9828e-20,1.7439e+05,1,0.34056,0.835,0.061305,1
1.6193,353.8,603.79,97.629,2.8975e-20,1.7441e+05,1,0.34158,0.836,0.061488,1
1.6192,353.82,603.77,97.622,2.8123e-20,1.7443e+05,1,0.3426,0.837,0.061671,1
1.6191,353.83,603.75,97.614,2.727e-20,1.7445e+05,1,0.34361,0.838,0.061854,1
1.619,353.85,603.73,97.607,2.6417e-20,1.7447e+05,1,0.34463,0.839,0.062037,1
1.6189,353.86,603.71,97.599,2.5565e-20,1.7449e+05,1,0.34565,0.84,0.06222,1
1.6188,353.88,603.69,97.591,2.4712e-20,1.7451e+05,1,0.34666,0.841,0.062403,1
1.6188,353.89,603.67,97.584,2.3859e-20,1.7453e+05,1,0.34768,0.842,0.062586,1
1.6187,353.9,603.65,97.576,2.3006e-20,1.7455e+05,1,0.3487,0.843,0.062769,1
1.6186,353.92,603.63,97.575,1.8971e-19,1.7457e+05,1,0.34971,0.844,0.062952,1
1.6185,353.94,603.6,97.577,4.2274e-19,1.746e+05,1,0.35073,0.845,0.063135,1
1.6184,353.95,603.58,97.579,6.5575e-19,1.7462e+05,1,0.35175,0.846,0.063318,1
1.6183,353.97,603.55,97.58,8.8874e-19,1.7465e+05,1,0.35276,0.847,0.063501,1
1.6182,353.98,603.53,97.582,1.1217e-18,1.7467e+05,1,0.35378,0.848,0.063684,1
1.6181,354,603.5,97.584,1.3547e-18,1.747e+05,1,0.3548,0.849,0.063867,1
1.618,354.01,603.48,97.585,1.5876e-18,1.7472e+05,1,0.35581,0.85,0.06405,1
1.6179,354.03,603.46,97.587,1.8206e-18,1.7475e+05,1,0.35683,0.851,0.064233,1
1.6178,354.04,603.43,97.589,2.0535e-18,1.7477e+05,1,0.35785,0.852,0.064416,1
1.6177,354.06,603.41,97.59,2.2864e-18,1.748e+05,1,0.35886,0.853,0.064599,1
1.6176,354.08,603.38,97.592,2.5193e-18,1.7482e+05,1,0.35988,0.854,0.064782,1
1.6175,354.09,603.36,97.594,2.7522e-18,1.7485e+05,1,0.3609,0.855,0.064965,1
1.6174,354.11,603.33,97.595,2.985e-18,1.7487e+05,1,0.36191,0.856,0.065148,1
1.6173,354.12,603.31,97.597,3.2179e-18,1.749e+05,1,0.36293,0.857,0.065331,1
1.6172,354.14,603.28,97.599,3.4507e-18,1.7492e+05,1,0.36395,0.858,0.065514,1
1.6171,354.15,603.26,97.607,3.5005e-18,1.7495e+05,1,0.36496,0.859,0.065697,1
1.617,354.17,603.23,97.617,3.502e-18,1.7498e+05,1,0.36598,0.86,0.06588,1
1.6169,354.18,603.21,97.626,3.5035e-18,1.75e+05,1,0.36699,0.861,0.066063,1
1.6168,354.2,603.18,97.636,3.505e-18,1.7503e+05,1,0.36801,0.862,0.066246,1
1.6167,354.21,603.15,97.646,3.5065e-18,1.7505e+05,1,0.36903,0.863,0.066429,1
1.6166,354.23,603.13,97.656,3.508e-18,1.7508e+05,1,0.37004,0.864,0.066612,1
1.6165,354.24,603.1,97.666,3.5096e-18,1.7511e+05,1,0.37106,0.865,0.066795,1
1.6164,354.26,603.07,97.675,3.5111e-18,1.7513e+05,1,0.37208,0.866,0.066978,1
1.6163,354.27,603.05,97.685,3.5126e-18,1.7516e+05,1,0.37309,0.867,0.067161,1
1.6162,354.29,603.02,97.695,3.5142e-18,1.7519e+05,1,0.37411,0.868,0.067344,1
1.6161,354.3,603,97.705,3.5157e-18,1.7521e+05,1,0.37513,0.869,0.067527,1
1.616,354.32,602.97,97.715,3.5173e-18,1.7524e+05,1,0.37614,0.87,0.06771,1
1.6159,354.33,602.94,97.724,3.5189e-18,1.7526e+05,1,0.37716,0.871,0.067893,1
1.6158,354.35,602.92,97.734,3.5204e-18,1.7529e+05,1,0.37818,0.872,0.068076,1
1.6157,354.36,602.89,97.744,3.522e-18,1.7532e+05,1,0.37919,0.873,0.068259,1
1.6156,354.38,602.87,97.759,3.117e-18,1.7534e+05,1,0.38021,0.874,0.068442,1
1.6155,354.39,602.84,97.776,2.6489e-18,1.7537e+05,1,0.38123,0.875,0.068625,1
1.6155,354.41,602.82,97.792,2.1808e-18,1.7539e+05,1,0.38224,0.876,0.068808,1
1.6154,354.42,602.79,97.809,1.7127e-18,1.7542e+05,1,0.38326,0.877,0.068991,1
1.6153,354.43,602.76,97.825,1.2446e-18,1.7544e+05,1,0.38428,0.878,0.069174,1
1.6152,354.45,602.74,97.841,7.7661e-19,1.7547e+05,1,0.38529,0.879,0.069357,1
1.6151,354.46,602.71,97.858,3.0861e-19,1.7549e+05,1,0.38631,0.88,0.06954,1
1.615,354.47,602.69,97.874,-1.5936e-19,1.7552e+05,1,0.38733,0.881,0.069723,1
1.6149,354.49,602.66,97.89,-6.2735e-19,1.7554e+05,1,0.38834,0.882,0.069906,1
1.6148,354.5,602.64,97.907,-1.0953e-18,1.7557e+05,1,0.38936,0.883,0.070089,1
1.6147,354.51,602.61,97.923,-1.5632e-18,1.7559e+05,1,0.39038,0.884,0.070272,1
1.6147,354.53,602.59,97.939,-2.0311e-18,1.7562e+05,1,0.39139,0.885,0.070455,1
1.6146,354.54,602.56,97.956,-2.4989e-18,1.7564e+05,1,0.39241,0.886,0.070638,1
1.6145,354.55,602.54,97.972,-2.9668e-18,1.7567e+05,1,0.39343,0.887,0.070821,1
1.6144,354.57,602.51,97.988,-3.4346e-18,1.7569e+05,1,0.39444,0.888,0.071004,1
1.6143,354.58,602.49,98.009,-3.2433e-18,1.7571e+05,1,0.39546,0.889,0.071187,1
1.6142,354.59,602.46,98.03,-3.0101e-18,1.7574e+05,1,0.39648,0.89,0.07137,1
1.6142,354.6,602.44,98.052,-2.777e-18,1.7576e+05,1,0.39749,0.891,0.071553,1
1.6141,354.61,602.42,98.073,-2.5438e-18,1.7578e+05,1,0.39851,0.892,0.071736,1
1.614,354.62,602.4,98.094,-2.3107e-18,1.758e+05,1,0.39953,0.893,0.071919,1
1.6139,354.63,602.37,98.115,-2.0776e-18,1.7582e+05,1,0.40054,0.894,0.072102,1
1.6139,354.65,602.35,98.136,-1.8446e-18,1.7584e+05,1,0.40156,0.895,0.072285,1
1.6138,354.66,602.33,98.157,-1.6115e-18,1.7587e+05,1,0.40258,0.896,0.072468,1
1.6137,354.67,602.3,98.179,-1.3784e-18,1.7589e+05,1,0.40359,0.897,0.072651,1
1.6136,354.68,602.28,98.2,-1.1454e-18,1.7591e+05,1,0.40461,0.898,0.072834,1
1.6136,354.69,602.26,98.221,-9.1238e-19,1.7593e+05,1,0.40563,0.899,0.073017,1
1.6135,354.7,602.24,98.242,-6.7938e-19,1.7595e+05,1,0.40664,0.9,0.0732,1
1.6134,354.71,602.21,98.263,-4.4638e-19,1.7598e+05,1,0.40766,0.901,0.073383,1
1.6133,354.72,602.19,98.284,-2.1341e-19,1.76e+05,1,0.40868,0.902,0.073566,1
1.6133,354.74,602.17,98.306,2.659e-20,1.7602e+05,1,0.40969,0.903,0.073749,1
1.6132,354.74,602.15,98.33,7.3196e-19,1.7604e+05,1,0.41071,0.904,0.073932,1
1.6131,354.75,602.13,98.354,1.4373e-18,1.7605e+05,1,0.41173,0.905,0.074115,1
1.6131,354.76,602.11,98.378,2.1426e-18,1.7607e+05,1,0.41274,0.906,0.074298,1
1.613,354.77,602.09,98.402,2.8479e-18,1.7609e+05,1,0.41376,0.907,0.074481,1
1.613,354.78,602.07,98.427,3.5532e-18,1.7611e+05,1,0.41478,0.908,0.074664,1
1.6129,354.79,602.05,98.451,4.2584e-18,1.7612e+05,1,0.41579,0.909,0.074847,1
1.6129,354.8,602.03,98.475,4.9636e-18,1.7614e+05,1,0.41681,0.91,0.07503,1
1.6128,354.8,602.01,98.499,5.6688e-18,1.7616e+05,1,0.41783,0.911,0.075213,1
1.6127,354.81,601.99,98.523,6.3739e-18,1.7618e+05,1,0.41884,0.912,0.075396,1
1.6127,354.82,601.98,98.548,7.079e-18,1.762e+05,1,0.41986,0.913,0.075579,1
1.6126,354.83,601.96,98.572,7.784e-18,1.7621e+05,1,0.42088,0.914,0.075762,1
1.6126,354.84,601.94,98.596,8.4891e-18,1.7623e+05,1,0.42189,0.915,0.075945,1
1.6125,354.85,601.92,98.62,9.1941e-18,1.7625e+05,1,0.42291,0.916,0.076128,1
1.6125,354.86,601.9,98.644,9.8991e-18,1.7627e+05,1,0.42392,0.917,0.076311,1
1.6124,354.86,601.88,98.669,1.0499e-17,1.7628e+05,1,0.42494,0.918,0.076494,1
1.6124,354.87,601.86,98.694,1.0027e-17,1.763e+05,1,0.42596,0.919,0.076677,1
1.6123,354.88,601.85,98.72,9.5554e-18,1.7631e+05,1,0.42697,0.92,0.07686,1
1.6123,354.88,601.83,98.746,9.0838e-18,1.7632e+05,1,0.42799,0.921,0.077043,1
1.6122,354.89,601.82,98.771,8.6122e-18,1.7634e+05,1,0.42901,0.922,0.077226,1
1.6122,354.89,601.8,98.797,8.1406e-18,1.7635e+05,1,0.43002,0.923,0.077409,1
1.6122,354.9,601.79,98.823,7.669e-18,1.7636e+05,1,0.43104,0.924,0.077592,1
1.6121,354.91,601.77,98.848,7.1974e-18,1.7637e+05,1,0.43206,0.925,0.077775,1
1.6121,354.91,601.76,98.874,6.7259e-18,1.7639e+05,1,0.43307,0.926,0.077958,1
1.612,354.92,601.74,98.9,6.2544e-18,1.764e+05,1,0.43409,0.927,0.078141,1
1.612,354.92,601.73,98.925,5.7829e-18,1.7641e+05,1,0.43511,0.928,0.078324,1
1.6119,354.93,601.71,98.951,5.3114e-18,1.7643e+05,1,0.43612,0.929,0.078507,1
1.6119,354.93,601.7,98.976,4.8399e-18,1.7644e+05,1,0.43714,0.93,0.07869,1
1.6119,354.94,601.68,99.002,4.3684e-18,1.7645e+05,1,0.43816,0.931,0.078873,1
1.6118,354.95,601.67,99.028,3.897e-18,1.7647e+05,1,0.43917,0.932,0.079056,1
1.6118,354.95,601.65,99.053,3.4258e-18,1.7648e+05,1,0.44019,0.933,0.079239,1
1.6118,354.96,601.64,99.079,2.9561e-18,1.7649e+05,1,0.44121,0.934,0.079422,1
1.6117,354.96,601.63,99.105,2.4863e-18,1.7649e+05,1,0.44222,0.935,0.079605,1
1.6117,354.96,601.62,99.131,2.0166e-18,1.765e+05,1,0.44324,0.936,0.079788,1
1.6117,354.97,601.61,99.157,1.547e-18,1.7651e+05,1,0.44426,0.937,0.079971,1
1.6117,354.97,601.6,99.182,1.0773e-18,1.7652e+05,1,0.44527,0.938,0.080154,1
1.6116,354.97,601.59,99.208,6.0766e-19,1.7653e+05,1,0.44629,0.939,0.080337,1
1.6116,354.98,601.58,99.234,1.3805e-19,1.7654e+05,1,0.44731,0.94,0.08052,1
1.6116,354.98,601.57,99.26,-3.3153e-19,1.7655e+05,1,0.44832,0.941,0.080703,1
1.6116,354.98,601.56,99.285,-8.0109e-19,1.7655e+05,1,0.44934,0.942,0.080886,1
1.6116,354.99,601.55,99.311,-1.2707e-18,1.7656e+05,1,0.45036,0.943,0.081069,1
1.6115,354.99,601.53,99.337,-1.7402e-18,1.7657e+05,1,0.45137,0.944,0.081252,1
1.6115,354.99,601.52,99.363,-2.2097e-18,1.7658e+05,1,0.45239,0.945,0.081435,1
1.6115,355,601.51,99.389,-2.6791e-18,1.7659e+05,1,0.45341,0.946,0.081618,1
1.6115,355,601.5,99.414,-3.1486e-18,1.766e+05,1,0.45442,0.947,0.081801,1
1.6114,355,601.49,99.44,-3.4483e-18,1.766e+05,1,0.45544,0.948,0.081984,1
1.6114,355,601.49,99.465,-3.2073e-18,1.7661e+05,1,0.45646,0.949,0.082167,1
1.6114,355.01,601.48,99.49,-2.9663e-18,1.7661e+05,1,0.45747,0.95,0.08235,1
1.6114,355.01,601.47,99.514,-2.7253e-18,1.7662e+05,1,0.45849,0.951,0.082533,1
1.6114,355.01,601.46,99.539,-2.4842e-18,1.7662e+05,1,0.45951,0.952,0.082716,1
1.6114,355.01,601.46,99.564,-2.2432e-18,1.7662e+05,1,0.46052,0.953,0.082899,1
1.6114,355.01,601.45,99.589,-2.0021e-18,1.7663e+05,1,0.46154,0.954,0.083082,1
1.6114,355.01,601.44,99.614,-1.7611e-18,1.7663e+05,1,0.46256,0.955,0.083265,1
1.6114,355.01,601.44,99.639,-1.52e-18,1.7664e+05,1,0.46357,0.956,0.083448,1
1.6114,355.01,601.43,99.664,-1.2789e-18,1.7664e+05,1,0.46459,0.957,0.083631,1
1.6113,355.02,601.42,99.689,-1.0378e-18,1.7665e+05,1,0.46561,0.958,0.083814,1
1.6113,355.02,601.42,99.713,-7.9675e-19,1.7665e+05,1,0.46662,0.959,0.083997,1
1.6113,355.02,601.41,99.738,-5.5565e-19,1.7665e+05,1,0.46764,0.96,0.08418,1
1.6113,355.02,601.4,99.763,-3.1453e-19,1.7666e+05,1,0.46866,0.961,0.084363,1
1.6113,355.02,601.39,99.788,-7.3411e-20,1.7666e+05,1,0.46967,0.962,0.084546,1
1.6113,355.02,601.39,99.812,9.1355e-20,1.7667e+05,1,0.47069,0.963,0.084729,1
1.6113,355.02,601.39,99.836,8.888e-20,1.7667e+05,1,0.47171,0.964,0.084912,1
1.6113,355.02,601.38,99.859,8.6397e-20,1.7667e+05,1,0.47272,0.965,0.085095,1
1.6113,355.02,601.38,99.882,8.3905e-20,1.7667e+05,1,0.47374,0.966,0.085278,1
1.6113,355.02,601.37,99.905,8.1407e-20,1.7667e+05,1,0.47476,0.967,0.085461,1
1.6113,355.02,601.37,99.929,7.8902e-20,1.7667e+05,1,0.47577,0.968,0.085644,1
1.6113,355.02,601.37,99.952,7.6389e-20,1.7667e+05,1,0.47679,0.969,0.085827,1
1.6113,355.02,601.36,99.975,7.3866e-20,1.7667e+05,1,0.47781,0.97,0.08601,1
1.6113,355.02,601.36,99.998,7.1337e-20,1.7667e+05,1,0.47882,0.971,0.086193,1
1.6113,355.02,601.36,100.02,6.8799e-20,1.7667e+05,1,0.47984,0.972,0.086376,1
1.6113,355.02,601.35,100.04,6.6254e-20,1.7667e+05,1,0.48085,0.973,0.086559,1
1.6113,355.02,601.35,100.07,6.3702e-20,1.7667e+05,1,0.48187,0.974,0.086742,1
1.6113,355.02,601.34,100.09,6.114e-20,1.7667e+05,1,0.48289,0.975,0.086925,1
1.6113,355.02,601.34,100.11,5.8572e-20,1.7668e+05,1,0.4839,0.976,0.087108,1
1.6113,355.01,601.34,100.14,5.5997e-20,1.7668e+05,1,0.48492,0.977,0.087291,1
1.6113,355.01,601.33,100.16,5.2687e-20,1.7668e+05,1,0.48594,0.978,0.087474,1
1.6114,355.01,601.33,100.18,4.8221e-20,1.7667e+05,1,0.48695,0.979,0.087657,1
1.6114,355.01,601.33,100.2,4.3737e-20,1.7667e+05,1,0.48797,0.98,0.08784,1
1.6114,355.01,601.33,100.22,3.9239e-20,1.7667e+05,1,0.48899,0.981,0.088023,1
1.6114,355.01,601.33,100.24,3.4726e-20,1.7667e+05,1,0.49,0.982,0.088206,1
1.6114,355.01,601.33,100.27,3.0197e-20,1.7667e+05,1,0.49102,0.983,0.088389,1
1.6114,355,601.33,100.29,2.5651e-20,1.7666e+05,1,0.49204,0.984,0.088572,1
1.6114,355,601.33,100.31,2.109e-20,1.7666e+05,1,0.49305,0.985,0.088755,1
1.6114,355,601.33,100.33,1.6514e-20,1.7666e+05,1,0.49407,0.986,0.088938,1
1.6114,355,601.33,100.35,1.1922e-20,1.7666e+05,1,0.49509,0.987,0.089121,1
1.6115,355,601.33,100.37,7.3137e-21,1.7665e+05,1,0.4961,0.988,0.089304,1
1.6115,354.99,601.32,100.39,2.6895e-21,1.7665e+05,1,0.49712,0.989,0.089487,1
1.6115,354.99,601.32,100.41,-1.9498e-21,1.7665e+05,1,0.49814,0.99,0.08967,1
1.6115,354.99,601.32,100.44,-6.605e-21,1.7665e+05,1,0.49915,0.991,0.089853,1
1.6115,354.99,601.32,100.46,-1.1276e-20,1.7665e+05,1,0.50017,0.992,0.090036,1
1.6115,354.99,601.32,100.48,-1.2442e-19,1.7664e+05,1,0.50119,0.993,0.090219,1
1.6115,354.99,601.32,100.5,-3.6354e-19,1.7664e+05,1,0.5022,0.994,0.090402,1
1.6116,354.98,601.32,100.51,-6.0265e-19,1.7664e+05,1,0.50322,0.995,0.090585,1
1.6116,354.98,601.33,100.53,-8.4176e-19,1.7663e+05,1,0.50424,0.996,0.090768,1
1.6116,354.98,601.33,100.55,-1.0809e-18,1.7663e+05,1,0.50525,0.997,0.090951,1
1.6116,354.98,601.33,100.57,-1.32e-18,1.7662e+05,1,0.50627,0.998,0.091134,1
1.6116,354.97,601.33,100.59,-1.5591e-18,1.7662e+05,1,0.50729,0.999,0.091317,1
1.6116,354.97,601.33,100.61,-1.7982e-18,1.7661e+05,1,0.5083,1,0.0915,1
1.6117,354.97,601.33,100.63,-2.0373e-18,1.7661e+05,1,0.50932,1.001,0.091683,1
1.6117,354.96,601.33,100.65,-2.2764e-18,1.7661e+05,1,0.51034,1.002,0.091866,1
1.6117,354.96,601.33,100.67,-2.5155e-18,1.766e+05,1,0.51135,1.003,0.092049,1
1.6117,354.96,601.33,100.68,-2.7546e-18,1.766e+05,1,0.51237,1.004,0.092232,1
1.6117,354.96,601.34,100.7,-2.9938e-18,1.7659e+05,1,0.51339,1.005,0.092415,1
1.6117,354.95,601.34,100.72,-3.2329e-18,1.7659e+05,1,0.5144,1.006,0.092598,1
1.6118,354.95,601.34,100.74,-3.472e-18,1.7659e+05,1,0.51542,1.007,0.092781,1
1.6118,354.95,601.34,100.76,-3.584e-18,1.7658e+05,1,0.51644,1.008,0.092964,1
1.6118,354.95,601.34,100.77,-3.5865e-18,1.7658e+05,1,0.51745,1.009,0.093147,1
1.6118,354.94,601.34,100.79,-3.5891e-18,1.7657e+05,1,0.51847,1.01,0.09333,1
1.6118,354.94,601.35,100.81,-3.5917e-18,1.7656e+05,1,0.51949,1.011,0.093513,1
1.6119,354.94,601.35,100.82,-3.5942e-18,1.7656e+05,1,0.5205,1.012,0.093696,1
1.6119,354.93,601.35,100.84,-3.5968e-18,1.7655e+05,1,0.52152,1.013,0.093879,1
1.6119,354.93,601.35,100.86,-3.5994e-18,1.7655e+05,1,0.52254,1.014,0.094062,1
1.6119,354.93,601.36,100.87,-3.602e-18,1.7654e+05,1,0.52355,1.015,0.094245,1
1.612,354.93,601.36,100.89,-3.6046e-18,1.7654e+05,1,0.52457,1.016,0.094428,1
1.612,354.92,601.36,100.91,-3.6072e-18,1.7653e+05,1,0.52559,1.017,0.094611,1
1.612,354.92,601.36,100.92,-3.6098e-18,1.7653e+05,1,0.5266,1.018,0.094794,1
1.612,354.92,601.37,100.94,-3.6124e-18,1.7652e+05,1,0.52762,1.019,0.094977,1
1.612,354.91,601.37,100.96,-3.6151e-18,1.7652e+05,1,0.52864,1.02,0.09516,1
1.6121,354.91,601.37,100.97,-3.6177e-18,1.7651e+05,1,0.52965,1.021,0.095343,1
1.6121,354.91,601.37,100.99,-3.6204e-18,1.7651e+05,1,0.53067,1.022,0.095526,1
1.6121,354.9,601.38,101.01,-3.4745e-18,1.765e+05,1,0.53169,1.023,0.095709,1
1.6121,354.9,601.38,101.02,-3.2346e-18,1.7649e+05,1,0.5327,1.024,0.095892,1
1.6121,354.9,601.38,101.04,-2.9946e-18,1.7649e+05,1,0.53372,1.025,0.096075,1
1.6122,354.9,601.39,101.05,-2.7546e-18,1.7648e+05,1,0.53474,1.026,0.096258,1
1.6122,354.89,601.39,101.06,-2.5147e-18,1.7648e+05,1,0.53575,1.027,0.096441,1
1.6122,354.89,601.39,101.08,-2.2747e-18,1.7647e+05,1,0.53677,1.028,0.096624,1
1.6122,354.89,601.4,101.09,-2.0347e-18,1.7646e+05,1,0.53778,1.029,0.096807,1
1.6123,354.88,601.4,101.11,-1.7947e-18,1.7646e+05,1,0.5388,1.03,0.09699,1
1.6123,354.88,601.4,101.12,-1.5547e-18,1.7645e+05,1,0.53982,1.031,0.097173,1
1.6123,354.88,601.41,101.14,-1.3148e-18,1.7645e+05,1,0.54083,1.032,0.097356,1
1.6123,354.87,601.41,101.15,-1.0748e-18,1.7644e+05,1,0.54185,1.033,0.097539,1
1.6123,354.87,601.41,101.17,-8.3479e-19,1.7643e+05,1,0.54287,1.034,0.097722,1
1.6124,354.87,601.42,101.18,-5.9483e-19,1.7643e+05,1,0.54388,1.035,0.097905,1
1.6124,354.86,601.42,101.19,-3.5484e-19,1.7642e+05,1,0.5449,1.036,0.098088,1
1.6124,354.86,601.42,101.21,-1.1488e-19,1.7642e+05,1,0.54592,1.037,0.098271,1
1.6124,354.86,601.42,101.22,2.8728e-19,1.7641e+05,1,0.54693,1.038,0.098454,1
1.6124,354.86,601.43,101.23,7.6349e-19,1.7641e+05,1,0.54795,1.039,0.098637,1
1.6125,354.85,601.43,101.25,1.2396e-18,1.764e+05,1,0.54897,1.04,0.09882,1
1.6125,354.85,601.43,101.26,1.7158e-18,1.7639e+05,1,0.54998,1.041,0.099003,1
1.6125,354.85,601.44,101.27,2.1919e-18,1.7639e+05,1,0.551,1.042,0.099186,1
1.6125,354.84,601.44,101.28,2.668e-18,1.7638e+05,1,0.55202,1.043,0.099369,1
1.6126,354.84,601.44,101.3,3.144e-18,1.7638e+05,1,0.55303,1.044,0.099552,1
1.6126,354.84,601.45,101.31,3.62e-18,1.7637e+05,1,0.55405,1.045,0.099735,1
1.6126,354.83,601.45,101.32,4.0961e-18,1.7636e+05,1,0.55507,1.046,0.099918,1
1.6126,354.83,601.46,101.33,4.5721e-18,1.7636e+05,1,0.55608,1.047,0.1001,1
1.6126,354.83,601.46,101.35,5.048e-18,1.7635e+05,1,0.5571,1.048,0.10028,1
1.6127,354.83,601.46,101.36,5.524e-18,1.7635e+05,1,0.55812,1.049,0.10047,1
1.6127,354.82,601.47,101.37,5.9999e-18,1.7634e+05,1,0.55913,1.05,0.10065,1
1.6127,354.82,601.47,101.38,6.4758e-18,1.7633e+05,1,0.56015,1.051,0.10083,1
1.6127,354.82,601.47,101.4,6.9517e-18,1.7633e+05,1,0.56117,1.052,0.10102,1
1.6127,354.81,601.48,101.41,7.4276e-18,1.7632e+05,1,0.56218,1.053,0.1012,1
1.6128,354.81,601.48,101.42,7.9037e-18,1.7632e+05,1,0.5632,1.054,0.10138,1
1.6128,354.81,601.48,101.43,8.3796e-18,1.7631e+05,1,0.56422,1.055,0.10156,1
1.6128,354.81,601.48,101.44,8.8556e-18,1.763e+05,1,0.56523,1.056,0.10175,1
1.6128,354.8,601.49,101.45,9.3316e-18,1.763e+05,1,0.56625,1.057,0.10193,1
1.6128,354.8,601.49,101.46,9.8075e-18,1.7629e+05,1,0.56727,1.058,0.10211,1
1.6129,354.8,601.49,101.47,1.0283e-17,1.7629e+05,1,0.56828,1.059,0.1023,1
1.6129,354.8,601.5,101.48,1.0759e-17,1.7628e+05,1,0.5693,1.06,0.10248,1
1.6129,354.79,601.5,101.5,1.1235e-17,1.7628e+05,1,0.57032,1.061,0.10266,1
1.6129,354.79,601.5,101.51,1.1711e-17,1.7627e+05,1,0.57133,1.062,0.10285,1
1.6129,354.79,601.51,101.52,1.2187e-17,1.7627e+05,1,0.57235,1.063,0.10303,1
1.613,354.79,601.51,101.53,1.2662e-17,1.7626e+05,1,0.57337,1.064,0.10321,1
1.613,354.78,601.51,101.54,1.3138e-17,1.7625e+05,1,0.57438,1.065,0.1034,1
1.613,354.78,601.52,101.55,1.3614e-17,1.7625e+05,1,0.5754,1.066,0.10358,1
1.613,354.78,601.52,101.56,1.409e-17,1.7624e+05,1,0.57642,1.067,0.10376,1
1.613,354.78,601.52,101.57,1.4171e-17,1.7624e+05,1,0.57743,1.068,0.10394,1
1.6131,354.77,601.53,101.58,1.4174e-17,1.7623e+05,1,0.57845,1.069,0.10413,1
1.6131,354.77,601.53,101.59,1.4177e-17,1.7623e+05,1,0.57947,1.07,0.10431,1
1.6131,354.77,601.53,101.6,1.4181e-17,1.7622e+05,1,0.58048,1.071,0.10449,1
1.6131,354.77,601.53,101.61,1.4184e-17,1.7622e+05,1,0.5815,1.072,0.10468,1
1.6131,354.76,601.54,101.62,1.4188e-17,1.7621e+05,1,0.58252,1.073,0.10486,1
1.6131,354.76,601.54,101.63,1.4191e-17,1.7621e+05,1,0.58353,1.074,0.10504,1
1.6132,354.76,601.54,101.64,1.4194e-17,1.762e+05,1,0.58455,1.075,0.10522,1
1.6132,354.76,601.54,101.65,1.4198e-17,1.762e+05,1,0.58557,1.076,0.10541,1
1.6132,354.76,601.55,101.66,1.4201e-17,1.7619e+05,1,0.58658,1.077,0.10559,1
1.6132,354.75,601.55,101.67,1.4205e-17,1.7619e+05,1,0.5876,1.078,0.10577,1
1.6132,354.75,601.55,101.68,1.4208e-17,1.7618e+05,1,0.58862,1.079,0.10596,1
1.6132,354.75,601.56,101.69,1.4212e-17,1.7618e+05,1,0.58963,1.08,0.10614,1
1.6133,354.75,601.56,101.7,1.4215e-17,1.7617e+05,1,0.59065,1.081,0.10632,1
1.6133,354.74,601.56,101.71,1.4219e-17,1.7617e+05,1,0.59167,1.082,0.10651,1
1.6133,354.74,601.56,101.71,1.3787e-17,1.7616e+05,1,0.59268,1.083,0.10669,1
1.6133,354.74,601.57,101.72,1.3313e-17,1.7616e+05,1,0.5937,1.084,0.10687,1
1.6133,354.74,601.57,101.73,1.2839e-17,1.7616e+05,1,0.59471,1.085,0.10706,1
1.6133,354.74,601.57,101.74,1.2365e-17,1.7615e+05,1,0.59573,1.086,0.10724,1
1.6133,354.74,601.57,101.75,1.1892e-17,1.7615e+05,1,0.59675,1.087,0.10742,1
1.6134,354.73,601.57,101.76,1.1418e-17,1.7614e+05,1,0.59776,1.088,0.1076,1
1.6134,354.73,601.58,101.77,1.0944e-17,1.7614e+05,1,0.59878,1.089,0.10779,1
1.6134,354.73,601.58,101.78,1.047e-17,1.7613e+05,1,0.5998,1.09,0.10797,1
1.6134,354.73,601.58,101.78,9.9962e-18,1.7613e+05,1,0.60081,1.091,0.10815,1
1.6134,354.73,601.58,101.79,9.5225e-18,1.7613e+05,1,0.60183,1.092,0.10834,1
1.6134,354.73,601.58,101.8,9.0487e-18,1.7612e+05,1,0.60285,1.093,0.10852,1
1.6134,354.72,601.59,101.81,8.5751e-18,1.7612e+05,1,0.60386,1.094,0.1087,1
1.6134,354.72,601.59,101.82,8.1014e-18,1.7611e+05,1,0.60488,1.095,0.10888,1
1.6135,354.72,601.59,101.83,7.6278e-18,1.7611e+05,1,0.6059,1.096,0.10907,1
1.6135,354.72,601.59,101.84,7.1542e-18,1.7611e+05,1,0.60691,1.097,0.10925,1
1.6135,354.72,601.59,101.84,7.1487e-18,1.761e+05,1,0.60793,1.098,0.10943,1
1.6135,354.72,601.6,101.85,7.1502e-18,1.761e+05,1,0.60895,1.099,0.10962,1
1.6135,354.72,601.6,101.86,7.1518e-18,1.761e+05,1,0.60996,1.1,0.1098,1
1.6135,354.71,601.6,101.87,7.1533e-18,1.7609e+05,1,0.61098,1.101,0.10998,1
1.6135,354.71,601.6,101.88,7.1549e-18,1.7609e+05,1,0.612,1.102,0.11017,1
1.6135,354.71,601.6,101.88,7.1564e-18,1.7609e+05,1,0.61301,1.103,0.11035,1
1.6135,354.71,601.6,101.89,7.158e-18,1.7608e+05,1,0.61403,1.104,0.11053,1
1.6136,354.71,601.6,101.9,7.1596e-18,1.7608e+05,1,0.61505,1.105,0.11072,1
1.6136,354.71,601.6,101.91,7.1611e-18,1.7608e+05,1,0.61606,1.106,0.1109,1
1.6136,354.71,601.61,101.92,7.1627e-18,1.7607e+05,1,0.61708,1.107,0.11108,1
1.6136,354.71,601.61,101.92,7.1642e-18,1.7607e+05,1,0.6181,1.108,0.11126,1
1.6136,354.71,601.61,101.93,7.1658e-18,1.7607e+05,1,0.61911,1.109,0.11145,1
1.6136,354.7,601.61,101.94,7.1673e-18,1.7606e+05,1,0.62013,1.11,0.11163,1
1.6136,354.7,601.61,101.95,7.1689e-18,1.7606e+05,1,0.62115,1.111,0.11181,1
1.6136,354.7,601.61,101.96,7.1846e-18,1.7606e+05,1,0.62216,1.112,0.112,1
1.6136,354.7,601.61,101.96,7.4229e-18,1.7605e+05,1,0.62318,1.113,0.11218,1
1.6136,354.7,601.61,101.97,7.6611e-18,1.7605e+05,1,0.6242,1.114,0.11236,1
1.6136,354.7,601.61,101.98,7.8994e-18,1.7605e+05,1,0.62521,1.115,0.11254,1
1.6136,354.7,601.62,101.99,8.1376e-18,1.7605e+05,1,0.62623,1.116,0.11273,1
1.6137,354.7,601.62,101.99,8.3758e-18,1.7604e+05,1,0.62725,1.117,0.11291,1
1.6137,354.7,601.62,102,8.6141e-18,1.7604e+05,1,0.62826,1.118,0.11309,1
1.6137,354.7,601.62,102.01,8.8522e-18,1.7604e+05,1,0.62928,1.119,0.11328,1
1.6137,354.7,601.62,102.02,9.0904e-18,1.7604e+05,1,0.6303,1.12,0.11346,1
1.6137,354.7,601.62,102.02,9.3286e-18,1.7604e+05,1,0.63131,1.121,0.11364,1
1.6137,354.69,601.62,102.03,9.5667e-18,1.7603e+05,1,0.63233,1.122,0.11383,1
1.6137,354.69,601.62,102.04,9.8048e-18,1.7603e+05,1,0.63335,1.123,0.11401,1
1.6137,354.69,601.62,102.05,1.0043e-17,1.7603e+05,1,0.63436,1.124,0.11419,1
1.6137,354.69,601.62,102.05,1.0281e-17,1.7603e+05,1,0.63538,1.125,0.11437,1
1.6137,354.69,601.62,102.06,1.0519e-17,1.7602e+05,1,0.6364,1.126,0.11456,1
1.6137,354.69,601.62,102.07,1.0693e-17,1.7602e+05,1,0.63741,1.127,0.11474,1
1.6137,354.69,601.62,102.08,1.0453e-17,1.7602e+05,1,0.63843,1.128,0.11492,1
1.6137,354.69,601.62,102.08,1.0214e-17,1.7602e+05,1,0.63945,1.129,0.11511,1
1.6137,354.69,601.62,102.09,9.974e-18,1.7602e+05,1,0.64046,1.13,0.11529,1
1.6137,354.69,601.62,102.1,9.7343e-18,1.7602e+05,1,0.64148,1.131,0.11547,1
1.6137,354.69,601.62,102.11,9.4947e-18,1.7601e+05,1,0.6425,1.132,0.11566,1
1.6137,354.69,601.62,102.11,9.255e-18,1.7601e+05,1,0.64351,1.133,0.11584,1
1.6138,354.69,601.62,102.12,9.0154e-18,1.7601e+05,1,0.64453,1.134,0.11602,1
1.6138,354.69,601.62,102.13,8.7758e-18,1.7601e+05,1,0.64555,1.135,0.1162,1
1.6138,354.69,601.62,102.13,8.5362e-18,1.7601e+05,1,0.64656,1.136,0.11639,1
1.6138,354.69,601.62,102.14,8.2966e-18,1.7601e+05,1,0.64758,1.137,0.11657,1
1.6138,354.69,601.62,102.15,8.057e-18,1.76e+05,1,0.6486,1.138,0.11675,1
1.6138,354.69,601.62,102.16,7.8174e-18,1.76e+05,1,0.64961,1.139,0.11694,1
1.6138,354.69,601.62,102.16,7.5778e-18,1.76e+05,1,0.65063,1.14,0.11712,1
1.6138,354.69,601.62,102.17,7.3383e-18,1.76e+05,1,0.65164,1.141,0.1173,1
1.6138,354.69,601.62,102.18,7.1988e-18,1.76e+05,1,0.65266,1.142,0.11749,1
1.6138,354.69,601.62,102.18,7.4382e-18,1.76e+05,1,0.65368,1.143,0.11767,1
1.6138,354.69,601.62,102.19,7.6776e-18,1.76e+05,1,0.65469,1.144,0.11785,1
1.6138,354.69,601.62,102.2,7.917e-18,1.76e+05,1,0.65571,1.145,0.11803,1
1.6138,354.69,601.62,102.21,8.1564e-18,1.76e+05,1,0.65673,1.146,0.11822,1
1.6138,354.69,601.62,102.21,8.3957e-18,1.7599e+05,1,0.65774,1.147,0.1184,1
1.6138,354.69,601.62,102.22,8.635e-18,1.7599e+05,1,0.65876,1.148,0.11858,1
1.6138,354.69,601.61,102.23,8.8743e-18,1.7599e+05,1,0.65978,1.149,0.11877,1
1.6138,354.69,601.61,102.23,9.1136e-18,1.7599e+05,1,0.66079,1.15,0.11895,1
1.6138,354.69,601.61,102.24,9.3529e-18,1.7599e+05,1,0.66181,1.151,0.11913,1
1.6138,354.69,601.61,102.25,9.5921e-18,1.7599e+05,1,0.66283,1.152,0.11932,1
1.6138,354.69,601.61,102.26,9.8314e-18,1.7599e+05,1,0.66384,1.153,0.1195,1
1.6138,354.69,601.61,102.26,1.0071e-17,1.7599e+05,1,0.66486,1.154,0.11968,1
1.6138,354.69,601.61,102.27,1.031e-17,1.7599e+05,1,0.66588,1.155,0.11987,1
1.6138,354.69,601.61,102.28,1.0549e-17,1.7599e+05,1,0.66689,1.156,0.12005,1
1.6138,354.69,601.61,102.28,1.0585e-17,1.7599e+05,1,0.66791,1.157,0.12023,1
1.6138,354.69,601.61,102.29,1.0107e-17,1.7599e+05,1,0.66893,1.158,0.12041,1
1.6138,354.69,601.61,102.3,9.6299e-18,1.7599e+05,1,0.66994,1.159,0.1206,1
1.6138,354.69,601.61,102.31,9.1525e-18,1.7599e+05,1,0.67096,1.16,0.12078,1
1.6138,354.69,601.6,102.31,8.675e-18,1.7599e+05,1,0.67198,1.161,0.12096,1
1.6138,354.69,601.6,102.32,8.1977e-18,1.7599e+05,1,0.67299,1.162,0.12115,1
1.6138,354.69,601.6,102.33,7.7203e-18,1.7598e+05,1,0.67401,1.163,0.12133,1
1.6138,354.69,601.6,102.33,7.2429e-18,1.7598e+05,1,0.67503,1.164,0.12151,1
1.6138,354.69,601.6,102.34,6.7657e-18,1.7598e+05,1,0.67604,1.165,0.12169,1
1.6138,354.69,601.6,102.35,6.2884e-18,1.7598e+05,1,0.67706,1.166,0.12188,1
1.6138,354.69,601.6,102.36,5.8111e-18,1.7598e+05,1,0.67808,1.167,0.12206,1
1.6138,354.69,601.6,102.36,5.334e-18,1.7598e+05,1,0.67909,1.168,0.12224,1
1.6138,354.69,601.59,102.37,4.8568e-18,1.7598e+05,1,0.68011,1.169,0.12243,1
1.6138,354.69,601.59,102.38,4.3797e-18,1.7598e+05,1,0.68113,1.17,0.12261,1
1.6138,354.69,601.59,102.39,3.9026e-18,1.7598e+05,1,0.68214,1.171,0.12279,1
1.6138,354.69,601.59,102.39,3.5102e-18,1.7598e+05,1,0.68316,1.172,0.12298,1
1.6138,354.69,601.59,102.4,3.2696e-18,1.7598e+05,1,0.68418,1.173,0.12316,1
1.6138,354.69,601.59,102.41,3.029e-18,1.7598e+05,1,0.68519,1.174,0.12334,1
1.6138,354.69,601.59,102.41,2.7885e-18,1.7598e+05,1,0.68621,1.175,0.12353,1
1.6138,354.69,601.58,102.42,2.5479e-18,1.7598e+05,1,0.68723,1.176,0.12371,1
1.6138,354.69,601.58,102.43,2.3074e-18,1.7598e+05,1,0.68824,1.177,0.12389,1
1.6138,354.69,601.58,102.44,2.0668e-18,1.7598e+05,1,0.68926,1.178,0.12407,1
1.6138,354.7,601.58,102.44,1.8263e-18,1.7598e+05,1,0.69028,1.179,0.12426,1
1.6138,354.7,601.58,102.45,1.5858e-18,1.7598e+05,1,0.69129,1.18,0.12444,1
1.6138,354.7,601.58,102.46,1.3452e-18,1.7598e+05,1,0.69231,1.181,0.12462,1
1.6138,354.7,601.58,102.46,1.1047e-18,1.7598e+05,1,0.69333,1.182,0.12481,1
1.6138,354.7,601.57,102.47,8.6424e-19,1.7598e+05,1,0.69434,1.183,0.12499,1
1.6138,354.7,601.57,102.48,6.2374e-19,1.7598e+05,1,0.69536,1.184,0.12517,1
1.6138,354.7,601.57,102.49,3.8327e-19,1.7598e+05,1,0.69638,1.185,0.12536,1
1.6138,354.7,601.57,102.49,1.4278e-19,1.7598e+05,1,0.69739,1.186,0.12554,1
1.6138,354.7,601.57,102.5,2.1348e-19,1.7599e+05,1,0.69841,1.187,0.12572,1
1.6138,354.7,601.57,102.51,6.9187e-19,1.7599e+05,1,0.69943,1.188,0.1259,1
1.6138,354.7,601.56,102.52,1.1703e-18,1.7599e+05,1,0.70044,1.189,0.12609,1
1.6138,354.7,601.56,102.52,1.6487e-18,1.7599e+05,1,0.70146,1.19,0.12627,1
1.6138,354.7,601.56,102.53,2.127e-18,1.7599e+05,1,0.70248,1.191,0.12645,1
1.6138,354.7,601.56,102.54,2.6053e-18,1.7599e+05,1,0.70349,1.192,0.12664,1
1.6138,354.7,601.56,102.54,3.0835e-18,1.7599e+05,1,0.70451,1.193,0.12682,1
1.6138,354.7,601.55,102.55,3.5617e-18,1.7599e+05,1,0.70552,1.194,0.127,1
1.6137,354.7,601.55,102.56,4.0399e-18,1.7599e+05,1,0.70654,1.195,0.12719,1
1.6137,354.7,601.55,102.57,4.5181e-18,1.7599e+05,1,0.70756,1.196,0.12737,1
1.6137,354.7,601.55,102.57,4.9962e-18,1.7599e+05,1,0.70857,1.197,0.12755,1
1.6137,354.71,601.55,102.58,5.4742e-18,1.7599e+05,1,0.70959,1.198,0.12773,1
1.6137,354.71,601.55,102.59,5.9523e-18,1.7599e+05,1,0.71061,1.199,0.12792,1
1.6137,354.71,601.54,102.6,6.4304e-18,1.7599e+05,1,0.71162,1.2,0.1281,1
1.6137,354.71,601.54,102.6,6.9083e-18,1.7599e+05,1,0.71264,1.201,0.12828,1
1.6137,354.71,601.54,102.61,7.1455e-18,1.7599e+05,1,0.71366,1.202,0.12847,1
1.6137,354.71,601.54,102.62,7.1488e-18,1.7599e+05,1,0.71467,1.203,0.12865,1
1.6137,354.71,601.54,102.62,7.1522e-18,1.7599e+05,1,0.71569,1.204,0.12883,1
1.6137,354.71,601.53,102.63,7.1556e-18,1.7599e+05,1,0.71671,1.205,0.12901,1
1.6137,354.71,601.53,102.64,7.159e-18,1.7599e+05,1,0.71772,1.206,0.1292,1
1.6137,354.71,601.53,102.65,7.1624e-18,1.76e+05,1,0.71874,1.207,0.12938,1
1.6137,354.71,601.53,102.65,7.1658e-18,1.76e+05,1,0.71976,1.208,0.12956,1
1.6137,354.71,601.53,102.66,7.1693e-18,1.76e+05,1,0.72077,1.209,0.12975,1
1.6137,354.71,601.52,102.67,7.1727e-18,1.76e+05,1,0.72179,1.21,0.12993,1
1.6137,354.71,601.52,102.68,7.1761e-18,1.76e+05,1,0.72281,1.211,0.13011,1
1.6137,354.71,601.52,102.68,7.1796e-18,1.76e+05,1,0.72382,1.212,0.1303,1
1.6137,354.71,601.52,102.69,7.183e-18,1.76e+05,1,0.72484,1.213,0.13048,1
1.6137,354.71,601.52,102.7,7.1865e-18,1.76e+05,1,0.72586,1.214,0.13066,1
1.6137,354.72,601.51,102.71,7.19e-18,1.76e+05,1,0.72687,1.215,0.13084,1
1.6137,354.72,601.51,102.71,7.1935e-18,1.76e+05,1,0.72789,1.216,0.13103,1
1.6137,354.72,601.51,102.72,7.0555e-18,1.76e+05,1,0.72891,1.217,0.13121,1
1.6137,354.72,601.51,102.73,6.8159e-18,1.76e+05,1,0.72992,1.218,0.13139,1
1.6137,354.72,601.51,102.74,6.5763e-18,1.76e+05,1,0.73094,1.219,0.13158,1
1.6137,354.72,601.51,102.74,6.3368e-18,1.76e+05,1,0.73196,1.22,0.13176,1
1.6137,354.72,601.5,102.75,6.0973e-18,1.76e+05,1,0.73297,1.221,0.13194,1
1.6137,354.72,601.5,102.76,5.8577e-18,1.76e+05,1,0.73399,1.222,0.13213,1
1.6137,354.72,601.5,102.77,5.6182e-18,1.7601e+05,1,0.73501,1.223,0.13231,1
1.6137,354.72,601.5,102.77,5.3788e-18,1.7601e+05,1,0.73602,1.224,0.13249,1
1.6137,354.72,601.5,102.78,5.1393e-18,1.7601e+05,1,0.73704,1.225,0.13267,1
1.6137,354.72,601.49,102.79,4.8999e-18,1.7601e+05,1,0.73806,1.226,0.13286,1
1.6137,354.72,601.49,102.8,4.6605e-18,1.7601e+05,1,0.73907,1.227,0.13304,1
1.6137,354.72,601.49,102.8,4.4211e-18,1.7601e+05,1,0.74009,1.228,0.13322,1
1.6137,354.72,601.49,102.81,4.1817e-18,1.7601e+05,1,0.74111,1.229,0.13341,1
1.6137,354.72,601.49,102.82,3.9423e-18,1.7601e+05,1,0.74212,1.23,0.13359,1
1.6136,354.72,601.48,102.82,3.703e-18,1.7601e+05,1,0.74314,1.231,0.13377,1
1.6136,354.73,601.48,102.83,3.6194e-18,1.7601e+05,1,0.74416,1.232,0.13396,1
1.6136,354.73,601.48,102.84,3.6173e-18,1.7601e+05,1,0.74517,1.233,0.13414,1
1.6136,354.73,601.48,102.85,3.6152e-18,1.7601e+05,1,0.74619,1.234,0.13432,1
1.6136,354.73,601.48,102.85,3.6131e-18,1.7601e+05,1,0.74721,1.235,0.13451,1
1.6136,354.73,601.47,102.86,3.6109e-18,1.7601e+05,1,0.74822,1.236,0.13469,1
1.6136,354.73,601.47,102.87,3.6088e-18,1.7601e+05,1,0.74924,1.237,0.13487,1
1.6136,354.73,601.47,102.88,3.6067e-18,1.7602e+05,1,0.75026,1.238,0.13505,1
1.6136,354.73,601.47,102.88,3.6045e-18,1.7602e+05,1,0.75127,1.239,0.13524,1
1.6136,354.73,601.47,102.89,3.6023e-18,1.7602e+05,1,0.75229,1.24,0.13542,1
1.6136,354.73,601.46,102.9,3.6002e-18,1.7602e+05,1,0.75331,1.241,0.1356,1
1.6136,354.73,601.46,102.91,3.598e-18,1.7602e+05,1,0.75432,1.242,0.13579,1
1.6136,354.73,601.46,102.91,3.5958e-18,1.7602e+05,1,0.75534,1.243,0.13597,1
1.6136,354.73,601.46,102.92,3.5936e-18,1.7602e+05,1,0.75636,1.244,0.13615,1
1.6136,354.73,601.46,102.93,3.5914e-18,1.7602e+05,1,0.75737,1.245,0.13634,1
1.6136,354.73,601.46,102.94,3.5892e-18,1.7602e+05,1,0.75839,1.246,0.13652,1
1.6136,354.73,601.45,102.94,3.7646e-18,1.7602e+05,1,0.75941,1.247,0.1367,1
1.6136,354.73,601.45,102.95,4.0054e-18,1.7602e+05,1,0.76042,1.248,0.13688,1
1.6136,354.73,601.45,102.96,4.2461e-18,1.7602e+05,1,0.76144,1.249,0.13707,1
1.6136,354.73,601.45,102.97,4.4867e-18,1.7602e+05,1,0.76245,1.25,0.13725,1
1.6136,354.74,601.45,102.97,4.7274e-18,1.7602e+05,1,0.76347,1.251,0.13743,1
1.6136,354.74,601.44,102.98,4.9681e-18,1.7602e+05,1,0.76449,1.252,0.13762,1
1.6136,354.74,601.44,102.99,5.2087e-18,1.7602e+05,1,0.7655,1.253,0.1378,1
1.6136,354.74,601.44,103,5.4493e-18,1.7602e+05,1,0.76652,1.254,0.13798,1
1.6136,354.74,601.44,103,5.6899e-18,1.7603e+05,1,0.76754,1.255,0.13816,1
1.6136,354.74,601.44,103.01,5.9305e-18,1.7603e+05,1,0.76855,1.256,0.13835,1
1.6136,354.74,601.44,103.02,6.171e-18,1.7603e+05,1,0.76957,1.257,0.13853,1
1.6136,354.74,601.43,103.03,6.4116e-18,1.7603e+05,1,0.77059,1.258,0.13871,1
1.6136,354.74,601.43,103.03,6.6521e-18,1.7603e+05,1,0.7716,1.259,0.1389,1
1.6136,354.74,601.43,103.04,6.8926e-18,1.7603e+05,1,0.77262,1.26,0.13908,1
1.6136,354.74,601.43,103.05,7.1331e-18,1.7603e+05,1,0.77364,1.261,0.13926,1
1.6136,354.74,601.43,103.06,7.1802e-18,1.7603e+05,1,0.77465,1.262,0.13945,1
1.6136,354.74,601.42,103.06,7.1809e-18,1.7603e+05,1,0.77567,1.263,0.13963,1
1.6136,354.74,601.42,103.07,7.1815e-18,1.7603e+05,1,0.77669,1.264,0.13981,1
1.6136,354.74,601.42,103.08,7.1821e-18,1.7603e+05,1,0.7777,1.265,0.13999,1
1.6136,354.74,601.42,103.09,7.1827e-18,1.7603e+05,1,0.77872,1.266,0.14018,1
1.6136,354.74,601.42,103.09,7.1833e-18,1.7603e+05,1,0.77974,1.267,0.14036,1
1.6136,354.74,601.42,103.1,7.1839e-18,1.7603e+05,1,0.78075,1.268,0.14054,1
1.6136,354.74,601.41,103.11,7.1845e-18,1.7603e+05,1,0.78177,1.269,0.14073,1
1.6136,354.74,601.41,103.12,7.1851e-18,1.7603e+05,1,0.78279,1.27,0.14091,1
1.6136,354.74,601.41,103.12,7.1857e-18,1.7603e+05,1,0.7838,1.271,0.14109,1
1.6136,354.74,601.41,103.13,7.1863e-18,1.7603e+05,1,0.78482,1.272,0.14128,1
1.6136,354.74,601.41,103.14,7.1869e-18,1.7603e+05,1,0.78584,1.273,0.14146,1
1.6136,354.74,601.41,103.15,7.1875e-18,1.7603e+05,1,0.78685,1.274,0.14164,1
1.6136,354.74,601.4,103.15,7.1881e-18,1.7603e+05,1,0.78787,1.275,0.14183,1
1.6136,354.75,601.4,103.16,7.1887e-18,1.7603e+05,1,0.78889,1.276,0.14201,1
1.6135,354.75,601.4,103.17,6.9767e-18,1.7603e+05,1,0.7899,1.277,0.14219,1
1.6135,354.75,601.4,103.17,6.7358e-18,1.7603e+05,1,0.79092,1.278,0.14237,1
1.6135,354.75,601.4,103.18,6.495e-18,1.7603e+05,1,0.79194,1.279,0.14256,1
1.6135,354.75,601.4,103.19,6.2542e-18,1.7604e+05,1,0.79295,1.28,0.14274,1
1.6135,354.75,601.4,103.2,6.0134e-18,1.7604e+05,1,0.79397,1.281,0.14292,1
1.6135,354.75,601.39,103.2,5.7726e-18,1.7604e+05,1,0.79499,1.282,0.14311,1
1.6135,354.75,601.39,103.21,5.5319e-18,1.7604e+05,1,0.796,1.283,0.14329,1
1.6135,354.75,601.39,103.22,5.2911e-18,1.7604e+05,1,0.79702,1.284,0.14347,1
1.6135,354.75,601.39,103.23,5.0504e-18,1.7604e+05,1,0.79804,1.285,0.14366,1
1.6135,354.75,601.39,103.23,4.8097e-18,1.7604e+05,1,0.79905,1.286,0.14384,1
1.6135,354.75,601.39,103.24,4.569e-18,1.7604e+05,1,0.80007,1.287,0.14402,1
1.6135,354.75,601.39,103.25,4.3283e-18,1.7604e+05,1,0.80109,1.288,0.1442,1
1.6135,354.75,601.38,103.25,4.0877e-18,1.7604e+05,1,0.8021,1.289,0.14439,1
1.6135,354.75,601.38,103.26,3.8471e-18,1.7604e+05,1,0.80312,1.29,0.14457,1
1.6135,354.75,601.38,103.27,3.6064e-18,1.7604e+05,1,0.80414,1.291,0.14475,1
1.6135,354.75,601.38,103.28,3.5964e-18,1.7604e+05,1,0.80515,1.292,0.14494,1
1.6135,354.75,601.38,103.28,3.5971e-18,1.7604e+05,1,0.80617,1.293,0.14512,1
1.6135,354.75,601.38,103.29,3.5978e-18,1.7604e+05,1,0.80719,1.294,0.1453,1
1.6135,354.75,601.38,103.3,3.5986e-18,1.7604e+05,1,0.8082,1.295,0.14548,1
1.6135,354.75,601.37,103.31,3.5993e-18,1.7604e+05,1,0.80922,1.296,0.14567,1
1.6135,354.75,601.37,103.31,3.6e-18,1.7604e+05,1,0.81024,1.297,0.14585,1
1.6135,354.75,601.37,103.32,3.6008e-18,1.7604e+05,1,0.81125,1.298,0.14603,1
1.6135,354.75,601.37,103.33,3.6015e-18,1.7604e+05,1,0.81227,1.299,0.14622,1
1.6135,354.75,601.37,103.33,3.6022e-18,1.7604e+05,1,0.81329,1.3,0.1464,1
1.6135,354.75,601.37,103.34,3.603e-18,1.7604e+05,1,0.8143,1.301,0.14658,1
1.6135,354.75,601.37,103.35,3.6037e-18,1.7604e+05,1,0.81532,1.302,0.14677,1
1.6135,354.75,601.37,103.36,3.6044e-18,1.7604e+05,1,0.81634,1.303,0.14695,1
1.6135,354.75,601.36,103.36,3.6052e-18,1.7604e+05,1,0.81735,1.304,0.14713,1
1.6135,354.75,601.36,103.37,3.6059e-18,1.7604e+05,1,0.81837,1.305,0.14731,1
1.6135,354.75,601.36,103.38,3.6067e-18,1.7604e+05,1,0.81938,1.306,0.1475,1
1.6135,354.75,601.36,103.38,3.6098e-18,1.7604e+05,1,0.8204,1.307,0.14768,1
1.6135,354.75,601.36,103.39,3.613e-18,1.7604e+05,1,0.82142,1.308,0.14786,1
1.6135,354.75,601.36,103.4,3.6161e-18,1.7604e+05,1,0.82243,1.309,0.14805,1
1.6135,354.75,601.36,103.41,3.6193e-18,1.7604e+05,1,0.82345,1.31,0.14823,1
1.6135,354.75,601.36,103.41,3.6224e-18,1.7604e+05,1,0.82447,1.311,0.14841,1
1.6135,354.75,601.35,103.42,3.6256e-18,1.7604e+05,1,0.82548,1.312,0.1486,1
1.6135,354.75,601.35,103.43,3.6288e-18,1.7604e+05,1,0.8265,1.313,0.14878,1
1.6135,354.75,601.35,103.43,3.6319e-18,1.7604e+05,1,0.82752,1.314,0.14896,1
1.6135,354.75,601.35,103.44,3.6351e-18,1.7604e+05,1,0.82853,1.315,0.14914,1
1.6135,354.75,601.35,103.45,3.6383e-18,1.7604e+05,1,0.82955,1.316,0.14933,1
1.6135,354.75,601.35,103.46,3.6415e-18,1.7604e+05,1,0.83057,1.317,0.14951,1
1.6135,354.75,601.35,103.46,3.6448e-18,1.7604e+05,1,0.83158,1.318,0.14969,1
1.6135,354.75,601.35,103.47,3.648e-18,1.7604e+05,1,0.8326,1.319,0.14988,1
1.6135,354.75,601.35,103.48,3.6512e-18,1.7604e+05,1,0.83362,1.32,0.15006,1
1.6135,354.75,601.34,103.48,3.6542e-18,1.7604e+05,1,0.83463,1.321,0.15024,1
1.6135,354.75,601.34,103.49,3.655e-18,1.7604e+05,1,0.83565,1.322,0.15043,1
1.6135,354.75,601.34,103.5,3.6558e-18,1.7604e+05,1,0.83667,1.323,0.15061,1
1.6135,354.75,601.34,103.5,3.6566e-18,1.7604e+05,1,0.83768,1.324,0.15079,1
1.6135,354.75,601.34,103.51,3.6574e-18,1.7604e+05,1,0.8387,1.325,0.15098,1
1.6135,354.75,601.34,103.52,3.6582e-18,1.7604e+05,1,0.83972,1.326,0.15116,1
1.6135,354.75,601.34,103.53,3.659e-18,1.7604e+05,1,0.84073,1.327,0.15134,1
1.6135,354.75,601.34,103.53,3.6598e-18,1.7604e+05,1,0.84175,1.328,0.15152,1
1.6135,354.75,601.34,103.54,3.6606e-18,1.7604e+05,1,0.84277,1.329,0.15171,1
1.6135,354.75,601.34,103.55,3.6614e-18,1.7604e+05,1,0.84378,1.33,0.15189,1
1.6135,354.75,601.33,103.55,3.6622e-18,1.7604e+05,1,0.8448,1.331,0.15207,1
1.6135,354.75,601.33,103.56,3.663e-18,1.7604e+05,1,0.84582,1.332,0.15226,1
1.6135,354.75,601.33,103.57,3.6638e-18,1.7604e+05,1,0.84683,1.333,0.15244,1
1.6135,354.75,601.33,103.57,3.6647e-18,1.7604e+05,1,0.84785,1.334,0.15262,1
1.6135,354.75,601.33,103.58,3.6655e-18,1.7603e+05,1,0.84887,1.335,0.15281,1
1.6135,354.75,601.33,103.59,3.6649e-18,1.7603e+05,1,0.84988,1.336,0.15299,1
1.6135,354.75,601.33,103.59,3.658e-18,1.7603e+05,1,0.8509,1.337,0.15317,1
1.6135,354.75,601.33,103.6,3.6512e-18,1.7603e+05,1,0.85192,1.338,0.15335,1
1.6135,354.75,601.33,103.61,3.6443e-18,1.7603e+05,1,0.85293,1.339,0.15354,1
1.6135,354.75,601.33,103.61,3.6374e-18,1.7603e+05,1,0.85395,1.34,0.15372,1
1.6135,354.75,601.32,103.62,3.6305e-18,1.7603e+05,1,0.85497,1.341,0.1539,1
1.6136,354.75,601.32,103.63,3.6235e-18,1.7603e+05,1,0.85598,1.342,0.15409,1
1.6136,354.75,601.32,103.63,3.6166e-18,1.7603e+05,1,0.857,1.343,0.15427,1
1.6136,354.75,601.32,103.64,3.6096e-18,1.7603e+05,1,0.85802,1.344,0.15445,1
1.6136,354.75,601.32,103.65,3.6026e-18,1.7603e+05,1,0.85903,1.345,0.15463,1
1.6136,354.75,601.32,103.65,3.5956e-18,1.7603e+05,1,0.86005,1.346,0.15482,1
1.6136,354.75,601.32,103.66,3.5886e-18,1.7603e+05,1,0.86107,1.347,0.155,1
1.6136,354.75,601.32,103.67,3.5815e-18,1.7603e+05,1,0.86208,1.348,0.15518,1
1.6136,354.75,601.32,103.67,3.5745e-18,1.7603e+05,1,0.8631,1.349,0.15537,1
1.6136,354.75,601.32,103.68,3.5674e-18,1.7603e+05,1,0.86412,1.35,0.15555,1
1.6136,354.75,601.32,103.69,3.5622e-18,1.7603e+05,1,0.86513,1.351,0.15573,1
1.6136,354.75,601.32,103.69,3.5629e-18,1.7603e+05,1,0.86615,1.352,0.15592,1
1.6136,354.75,601.31,103.7,3.5636e-18,1.7603e+05,1,0.86717,1.353,0.1561,1
1.6136,354.75,601.31,103.71,3.5643e-18,1.7603e+05,1,0.86818,1.354,0.15628,1
1.6136,354.75,601.31,103.71,3.5649e-18,1.7603e+05,1,0.8692,1.355,0.15646,1
1.6136,354.75,601.31,103.72,3.5656e-18,1.7603e+05,1,0.87022,1.356,0.15665,1
1.6136,354.75,601.31,103.73,3.5663e-18,1.7603e+05,1,0.87123,1.357,0.15683,1
1.6136,354.75,601.31,103.73,3.567e-18,1.7603e+05,1,0.87225,1.358,0.15701,1
1.6136,354.75,601.31,103.74,3.5676e-18,1.7603e+05,1,0.87327,1.359,0.1572,1
1.6136,354.75,601.31,103.75,3.5683e-18,1.7603e+05,1,0.87428,1.36,0.15738,1
1.6136,354.75,601.31,103.75,3.569e-18,1.7603e+05,1,0.8753,1.361,0.15756,1
1.6136,354.75,601.31,103.76,3.5697e-18,1.7603e+05,1,0.87631,1.362,0.15775,1
1.6136,354.75,601.31,103.77,3.5703e-18,1.7602e+05,1,0.87733,1.363,0.15793,1
1.6136,354.75,601.31,103.77,3.571e-18,1.7602e+05,1,0.87835,1.364,0.15811,1
1.6136,354.75,601.31,103.78,3.5717e-18,1.7602e+05,1,0.87936,1.365,0.1583,1
1.6136,354.75,601.3,103.79,3.6531e-18,1.7602e+05,1,0.88038,1.366,0.15848,1
1.6136,354.75,601.3,103.79,3.8997e-18,1.7602e+05,1,0.8814,1.367,0.15866,1
1.6136,354.75,601.3,103.8,4.1463e-18,1.7602e+05,1,0.88241,1.368,0.15884,1
1.6136,354.75,601.3,103.8,4.3929e-18,1.7602e+05,1,0.88343,1.369,0.15903,1
1.6136,354.75,601.3,103.81,4.6395e-18,1.7602e+05,1,0.88445,1.37,0.15921,1
1.6136,354.75,601.3,103.82,4.8861e-18,1.7602e+05,1,0.88546,1.371,0.15939,1
1.6136,354.75,601.3,103.82,5.1326e-18,1.7602e+05,1,0.88648,1.372,0.15958,1
1.6136,354.75,601.3,103.83,5.3792e-18,1.7602e+05,1,0.8875,1.373,0.15976,1
1.6136,354.75,601.3,103.84,5.6257e-18,1.7602e+05,1,0.88851,1.374,0.15994,1
1.6136,354.75,601.3,103.84,5.8723e-18,1.7602e+05,1,0.88953,1.375,0.16013,1
1.6136,354.75,601.3,103.85,6.1188e-18,1.7602e+05,1,0.89055,1.376,0.16031,1
1.6136,354.75,601.3,103.86,6.3653e-18,1.7602e+05,1,0.89156,1.377,0.16049,1
1.6136,354.75,601.3,103.86,6.6119e-18,1.7602e+05,1,0.89258,1.378,0.16067,1
1.6136,354.75,601.3,103.87,6.8583e-18,1.7602e+05,1,0.8936,1.379,0.16086,1
1.6136,354.75,601.29,103.87,7.1049e-18,1.7602e+05,1,0.89461,1.38,0.16104,1
1.6136,354.75,601.29,103.88,7.2508e-18,1.7602e+05,1,0.89563,1.381,0.16122,1
1.6136,354.75,601.29,103.89,7.2478e-18,1.7602e+05,1,0.89665,1.382,0.16141,1
1.6136,354.75,601.29,103.89,7.2448e-18,1.7602e+05,1,0.89766,1.383,0.16159,1
1.6136,354.75,601.29,103.9,7.2417e-18,1.7602e+05,1,0.89868,1.384,0.16177,1
1.6136,354.75,601.29,103.91,7.2387e-18,1.7602e+05,1,0.8997,1.385,0.16195,1
1.6136,354.75,601.29,103.91,7.2357e-18,1.7601e+05,1,0.90071,1.386,0.16214,1
1.6136,354.75,601.29,103.92,7.2326e-18,1.7601e+05,1,0.90173,1.387,0.16232,1
1.6136,354.75,601.29,103.92,7.2295e-18,1.7601e+05,1,0.90275,1.388,0.1625,1
1.6136,354.75,601.29,103.93,7.2265e-18,1.7601e+05,1,0.90376,1.389,0.16269,1
1.6136,354.75,601.29,103.94,7.2234e-18,1.7601e+05,1,0.90478,1.39,0.16287,1
1.6136,354.75,601.29,103.94,7.2203e-18,1.7601e+05,1,0.9058,1.391,0.16305,1
1.6136,354.75,601.29,103.95,7.2172e-18,1.7601e+05,1,0.90681,1.392,0.16324,1
1.6136,354.75,601.29,103.95,7.2141e-18,1.7601e+05,1,0.90783,1.393,0.16342,1
1.6136,354.75,601.29,103.96,7.211e-18,1.7601e+05,1,0.90885,1.394,0.1636,1
1.6136,354.75,601.29,103.97,7.2078e-18,1.7601e+05,1,0.90986,1.395,0.16378,1
1.6136,354.75,601.28,103.97,7.0899e-18,1.7601e+05,1,0.91088,1.396,0.16397,1
1.6136,354.75,601.28,103.98,6.8466e-18,1.7601e+05,1,0.9119,1.397,0.16415,1
1.6136,354.75,601.28,103.99,6.6033e-18,1.7601e+05,1,0.91291,1.398,0.16433,1
1.6136,354.75,601.28,103.99,6.36e-18,1.7601e+05,1,0.91393,1.399,0.16452,1
1.6136,354.75,601.28,104,6.1167e-18,1.7601e+05,1,0.91495,1.4,0.1647,1
1.6136,354.75,601.28,104,5.8734e-18,1.7601e+05,1,0.91596,1.401,0.16488,1
1.6136,354.75,601.28,104.01,5.6301e-18,1.7601e+05,1,0.91698,1.402,0.16507,1
1.6136,354.75,601.28,104.02,5.3869e-18,1.7601e+05,1,0.918,1.403,0.16525,1
1.6136,354.75,601.28,104.02,5.1437e-18,1.7601e+05,1,0.91901,1.404,0.16543,1
1.6136,354.75,601.28,104.03,4.9005e-18,1.7601e+05,1,0.92003,1.405,0.16561,1
1.6136,354.75,601.28,104.03,4.6573e-18,1.76e+05,1,0.92105,1.406,0.1658,1
1.6136,354.75,601.28,104.04,4.4141e-18,1.76e+05,1,0.92206,1.407,0.16598,1
1.6136,354.75,601.28,104.05,4.171e-18,1.76e+05,1,0.92308,1.408,0.16616,1
1.6136,354.75,601.28,104.05,3.9278e-18,1.76e+05,1,0.9241,1.409,0.16635,1
1.6136,354.75,601.28,104.06,3.6847e-18,1.76e+05,1,0.92511,1.41,0.16653,1
1.6136,354.75,601.27,104.06,3.4435e-18,1.76e+05,1,0.92613,1.411,0.16671,1
1.6136,354.75,601.27,104.07,3.2037e-18,1.76e+05,1,0.92715,1.412,0.1669,1
1.6136,354.75,601.27,104.08,2.964e-18,1.76e+05,1,0.92816,1.413,0.16708,1
1.6136,354.75,601.27,104.08,2.7243e-18,1.76e+05,1,0.92918,1.414,0.16726,1
1.6136,354.75,601.27,104.09,2.4846e-18,1.76e+05,1,0.9302,1.415,0.16745,1
1.6136,354.75,601.27,104.09,2.2449e-18,1.76e+05,1,0.93121,1.416,0.16763,1
1.6136,354.74,601.27,104.1,2.0053e-18,1.76e+05,1,0.93223,1.417,0.16781,1
1.6137,354.74,601.27,104.1,1.7657e-18,1.76e+05,1,0.93324,1.418,0.16799,1
1.6137,354.74,601.27,104.11,1.5261e-18,1.76e+05,1,0.93426,1.419,0.16818,1
1.6137,354.74,601.27,104.12,1.2866e-18,1.76e+05,1,0.93528,1.42,0.16836,1
1.6137,354.74,601.27,104.12,1.0471e-18,1.76e+05,1,0.93629,1.421,0.16854,1
1.6137,354.74,601.27,104.13,8.0759e-19,1.76e+05,1,0.93731,1.422,0.16873,1
1.6137,354.74,601.27,104.13,5.6815e-19,1.76e+05,1,0.93833,1.423,0.16891,1
1.6137,354.74,601.27,104.14,3.2871e-19,1.76e+05,1,0.93934,1.424,0.16909,1
1.6137,354.74,601.27,104.14,8.9321e-20,1.76e+05,1,0.94036,1.425,0.16928,1
1.6137,354.74,601.27,104.15,2.4052e-21,1.76e+05,1,0.94138,1.426,0.16946,1
1.6137,354.74,601.27,104.16,6.2493e-21,1.7599e+05,1,0.94239,1.427,0.16964,1
1.6137,354.74,601.26,104.16,1.0102e-20,1.7599e+05,1,0.94341,1.428,0.16982,1
1.6137,354.74,601.26,104.17,1.3965e-20,1.7599e+05,1,0.94443,1.429,0.17001,1
1.6137,354.74,601.26,104.17,1.7836e-20,1.7599e+05,1,0.94544,1.43,0.17019,1
1.6137,354.74,601.26,104.18,2.1717e-20,1.7599e+05,1,0.94646,1.431,0.17037,1
1.6137,354.74,601.26,104.18,2.5607e-20,1.7599e+05,1,0.94748,1.432,0.17056,1
1.6137,354.74,601.26,104.19,2.9507e-20,1.7599e+05,1,0.94849,1.433,0.17074,1
1.6137,354.74,601.26,104.2,3.3415e-20,1.7599e+05,1,0.94951,1.434,0.17092,1
1.6137,354.74,601.26,104.2,3.7333e-20,1.7599e+05,1,0.95053,1.435,0.1711,1
1.6137,354.74,601.26,104.21,4.126e-20,1.7599e+05,1,0.95154,1.436,0.17129,1
1.6137,354.74,601.26,104.21,4.5196e-20,1.7599e+05,1,0.95256,1.437,0.17147,1
1.6137,354.74,601.26,104.22,4.9142e-20,1.7599e+05,1,0.95358,1.438,0.17165,1
1.6137,354.74,601.26,104.22,5.3097e-20,1.7599e+05,1,0.95459,1.439,0.17184,1
1.6137,354.74,601.26,104.23,5.7061e-20,1.7599e+05,1,0.95561,1.44,0.17202,1
1.6137,354.74,601.26,104.24,2.3002e-19,1.7599e+05,1,0.95663,1.441,0.1722,1
1.6137,354.74,601.26,104.24,4.749e-19,1.7599e+05,1,0.95764,1.442,0.17239,1
1.6137,354.74,601.26,104.25,7.1974e-19,1.7599e+05,1,0.95866,1.443,0.17257,1
1.6137,354.74,601.26,104.25,9.6459e-19,1.7599e+05,1,0.95968,1.444,0.17275,1
1.6137,354.74,601.25,104.26,1.2094e-18,1.7599e+05,1,0.96069,1.445,0.17293,1
1.6137,354.74,601.25,104.26,1.4542e-18,1.7599e+05,1,0.96171,1.446,0.17312,1
1.6137,354.74,601.25,104.27,1.699e-18,1.7599e+05,1,0.96273,1.447,0.1733,1
1.6137,354.74,601.25,104.27,1.9437e-18,1.7599e+05,1,0.96374,1.448,0.17348,1
1.6137,354.74,601.25,104.28,2.1885e-18,1.7598e+05,1,0.96476,1.449,0.17367,1
1.6137,354.74,601.25,104.29,2.4332e-18,1.7598e+05,1,0.96578,1.45,0.17385,1
1.6137,354.74,601.25,104.29,2.6779e-18,1.7598e+05,1,0.96679,1.451,0.17403,1
1.6137,354.74,601.25,104.3,2.9226e-18,1.7598e+05,1,0.96781,1.452,0.17422,1
1.6137,354.74,601.25,104.3,3.1673e-18,1.7598e+05,1,0.96883,1.453,0.1744,1
1.6137,354.74,601.25,104.31,3.4119e-18,1.7598e+05,1,0.96984,1.454,0.17458,1
1.6137,354.74,601.25,104.31,3.6566e-18,1.7598e+05,1,0.97086,1.455,0.17477,1
1.6137,354.74,601.25,104.32,3.7082e-18,1.7598e+05,1,0.97188,1.456,0.17495,1
1.6137,354.74,601.25,104.32,3.7042e-18,1.7598e+05,1,0.97289,1.457,0.17513,1
1.6137,354.74,601.25,104.33,3.7001e-18,1.7598e+05,1,0.97391,1.458,0.17531,1
1.6137,354.74,601.25,104.33,3.696e-18,1.7598e+05,1,0.97493,1.459,0.1755,1
1.6137,354.74,601.25,104.34,3.692e-18,1.7598e+05,1,0.97594,1.46,0.17568,1
1.6137,354.74,601.24,104.35,3.6879e-18,1.7598e+05,1,0.97696,1.461,0.17586,1
1.6137,354.74,601.24,104.35,3.6838e-18,1.7598e+05,1,0.97798,1.462,0.17605,1
1.6137,354.74,601.24,104.36,3.6797e-18,1.7598e+05,1,0.97899,1.463,0.17623,1
1.6137,354.74,601.24,104.36,3.6755e-18,1.7598e+05,1,0.98001,1.464,0.17641,1
1.6137,354.74,601.24,104.37,3.6714e-18,1.7598e+05,1,0.98103,1.465,0.1766,1
1.6137,354.74,601.24,104.37,3.6673e-18,1.7598e+05,1,0.98204,1.466,0.17678,1
1.6137,354.74,601.24,104.38,3.6631e-18,1.7598e+05,1,0.98306,1.467,0.17696,1
1.6137,354.74,601.24,104.38,3.659e-18,1.7598e+05,1,0.98408,1.468,0.17714,1
1.6137,354.74,601.24,104.39,3.6548e-18,1.7598e+05,1,0.98509,1.469,0.17733,1
1.6137,354.74,601.24,104.39,3.6506e-18,1.7598e+05,1,0.98611,1.47,0.17751,1
1.6137,354.74,601.24,104.4,3.6507e-18,1.7598e+05,1,0.98712,1.471,0.17769,1
1.6137,354.74,601.24,104.4,3.6514e-18,1.7598e+05,1,0.98814,1.472,0.17788,1
1.6137,354.74,601.24,104.41,3.6522e-18,1.7598e+05,1,0.98916,1.473,0.17806,1
1.6137,354.74,601.24,104.41,3.6529e-18,1.7597e+05,1,0.99017,1.474,0.17824,1
1.6137,354.74,601.24,104.42,3.6537e-18,1.7597e+05,1,0.99119,1.475,0.17842,1
1.6137,354.74,601.24,104.42,3.6544e-18,1.7597e+05,1,0.99221,1.476,0.17861,1
1.6137,354.74,601.23,104.43,3.6552e-18,1.7597e+05,1,0.99322,1.477,0.17879,1
1.6137,354.74,601.23,104.44,3.6559e-18,1.7597e+05,1,0.99424,1.478,0.17897,1
1.6137,354.74,601.23,104.44,3.6567e-18,1.7597e+05,1,0.99526,1.479,0.17916,1
1.6137,354.74,601.23,104.45,3.6575e-18,1.7597e+05,1,0.99627,1.48,0.17934,1
1.6137,354.74,601.23,104.45,3.6582e-18,1.7597e+05,1,0.99729,1.481,0.17952,1
1.6137,354.74,601.23,104.46,3.659e-18,1.7597e+05,1,0.99831,1.482,0.17971,1
1.6137,354.74,601.23,104.46,3.6597e-18,1.7597e+05,1,0.99932,1.483,0.17989,1
1.6137,354.74,601.23,104.47,3.6605e-18,1.7597e+05,1,1.0003,1.484,0.18007,1
1.6137,354.74,601.23,104.47,3.6612e-18,1.7597e+05,1,1.0014,1.485,0.18025,1
1.6137,354.74,601.23,104.47,3.8881e-18,1.7597e+05,1,1.0024,1.486,0.18044,1
1.6137,354.74,601.23,104.48,4.1333e-18,1.7597e+05,1,1.0034,1.487,0.18062,1
1.6137,354.74,601.23,104.48,4.3784e-18,1.7597e+05,1,1.0044,1.488,0.1808,1
1.6137,354.74,601.23,104.48,4.6235e-18,1.7597e+05,1,1.0054,1.489,0.18099,1
1.6137,354.74,601.23,104.49,4.8686e-18,1.7597e+05,1,1.0064,1.49,0.18117,1
1.6137,354.74,601.23,104.49,5.1137e-18,1.7597e+05,1,1.0075,1.491,0.18135,1
1.6137,354.74,601.23,104.49,5.3587e-18,1.7597e+05,1,1.0085,1.492,0.18154,1
1.6137,354.74,601.23,104.49,5.6037e-18,1.7597e+05,1,1.0095,1.493,0.18172,1
1.6137,354.74,601.23,104.5,5.8487e-18,1.7597e+05,1,1.0105,1.494,0.1819,1
1.6138,354.74,601.23,104.5,6.0937e-18,1.7597e+05,1,1.0115,1.495,0.18208,1
1.6138,354.74,601.23,104.5,6.3387e-18,1.7597e+05,1,1.0125,1.496,0.18227,1
1.6138,354.74,601.23,104.5,6.5837e-18,1.7597e+05,1,1.0136,1.497,0.18245,1
1.6138,354.74,601.22,104.51,6.8286e-18,1.7597e+05,1,1.0146,1.498,0.18263,1
1.6138,354.74,601.22,104.51,7.0735e-18,1.7597e+05,1,1.0156,1.499,0.18282,1
1.6138,354.74,601.22,104.51,7.3184e-18,1.7597e+05,1,1.0166,1.5,0.183,1
