"Ma","T","U:0","U:1","U:2","p","rho","vtkValidPointMask","arc_length","Points:0","Points:1","Points:2"
1.9978,300,694.73,0,0,1.0132e+05,1.174,1,0,0,0.646,1
1.9978,300,694.73,4.1553e-08,0,1.0132e+05,1.174,1,0.0025,0.0025,0.646,1
1.9978,300,694.73,8.3106e-08,0,1.0132e+05,1.174,1,0.005,0.005,0.646,1
1.9978,300,694.73,1.2466e-07,0,1.0132e+05,1.174,1,0.0075,0.0075,0.646,1
1.9978,300,694.73,1.6621e-07,0,1.0132e+05,1.174,1,0.01,0.01,0.646,1
1.9978,300,694.73,2.0776e-07,0,1.0132e+05,1.174,1,0.0125,0.0125,0.646,1
1.9978,300,694.73,2.4932e-07,0,1.0132e+05,1.174,1,0.015,0.015,0.646,1
1.9978,300,694.73,2.9087e-07,0,1.0132e+05,1.174,1,0.0175,0.0175,0.646,1
1.9978,300,694.73,3.3242e-07,0,1.0132e+05,1.174,1,0.02,0.02,0.646,1
1.9978,300,694.73,3.7398e-07,0,1.0132e+05,1.174,1,0.0225,0.0225,0.646,1
1.9978,300,694.73,4.1553e-07,0,1.0132e+05,1.174,1,0.025,0.025,0.646,1
1.9978,300,694.73,4.5708e-07,0,1.0132e+05,1.174,1,0.0275,0.0275,0.646,1
1.9978,300,694.73,4.9863e-07,0,1.0132e+05,1.174,1,0.03,0.03,0.646,1
1.9978,300,694.73,5.4742e-07,0,1.0132e+05,1.174,1,0.0325,0.0325,0.646,1
1.9978,300,694.73,6.0345e-07,0,1.0132e+05,1.174,1,0.035,0.035,0.646,1
1.9978,300,694.73,6.5948e-07,0,1.0132e+05,1.174,1,0.0375,0.0375,0.646,1
1.9978,300,694.73,7.1551e-07,0,1.0132e+05,1.174,1,0.04,0.04,0.646,1
1.9978,300,694.73,7.7154e-07,0,1.0132e+05,1.174,1,0.0425,0.0425,0.646,1
1.9978,300,694.73,8.2757e-07,0,1.0132e+05,1.174,1,0.045,0.045,0.646,1
1.9978,300,694.73,8.836e-07,0,1.0132e+05,1.174,1,0.0475,0.0475,0.646,1
1.9978,300,694.73,9.3963e-07,0,1.0132e+05,1.174,1,0.05,0.05,0.646,1
1.9978,300,694.73,9.9566e-07,0,1.0132e+05,1.174,1,0.0525,0.0525,0.646,1
1.9978,300,694.73,1.0517e-06,0,1.0132e+05,1.174,1,0.055,0.055,0.646,1
1.9978,300,694.73,1.1077e-06,0,1.0132e+05,1.174,1,0.0575,0.0575,0.646,1
1.9978,300,694.73,1.1637e-06,0,1.0132e+05,1.174,1,0.06,0.06,0.646,1
1.9978,300,694.73,1.2198e-06,0,1.0132e+05,1.174,1,0.0625,0.0625,0.646,1
1.9978,300,694.73,1.3136e-06,0,1.0132e+05,1.174,1,0.065,0.065,0.646,1
1.9978,300,694.73,1.4074e-06,0,1.0132e+05,1.174,1,0.0675,0.0675,0.646,1
1.9978,300,694.73,1.5013e-06,0,1.0132e+05,1.174,1,0.07,0.07,0.646,1
1.9978,300,694.73,1.5951e-06,0,1.0132e+05,1.174,1,0.0725,0.0725,0.646,1
1.9978,300,694.73,1.6889e-06,0,1.0132e+05,1.174,1,0.075,0.075,0.646,1
1.9978,300,694.73,1.7828e-06,0,1.0132e+05,1.174,1,0.0775,0.0775,0.646,1
1.9978,300,694.73,1.8766e-06,0,1.0132e+05,1.174,1,0.08,0.08,0.646,1
1.9978,300,694.73,1.9705e-06,0,1.0132e+05,1.174,1,0.0825,0.0825,0.646,1
1.9978,300,694.73,2.0643e-06,0,1.0132e+05,1.174,1,0.085,0.085,0.646,1
1.9978,300,694.73,2.1581e-06,0,1.0132e+05,1.174,1,0.0875,0.0875,0.646,1
1.9978,300,694.73,2.252e-06,0,1.0132e+05,1.174,1,0.09,0.09,0.646,1
1.9978,300,694.73,2.3458e-06,0,1.0132e+05,1.174,1,0.0925,0.0925,0.646,1
1.9978,300,694.73,2.4695e-06,0,1.0132e+05,1.174,1,0.095,0.095,0.646,1
1.9978,300,694.73,2.623e-06,0,1.0132e+05,1.174,1,0.0975,0.0975,0.646,1
1.9978,300,694.73,2.7765e-06,0,1.0132e+05,1.174,1,0.1,0.1,0.646,1
1.9978,300,694.73,2.93e-06,0,1.0132e+05,1.174,1,0.1025,0.1025,0.646,1
1.9978,300,694.73,3.0835e-06,0,1.0132e+05,1.174,1,0.105,0.105,0.646,1
1.9978,300,694.73,3.237e-06,0,1.0132e+05,1.174,1,0.1075,0.1075,0.646,1
1.9978,300,694.73,3.3906e-06,0,1.0132e+05,1.174,1,0.11,0.11,0.646,1
1.9978,300,694.73,3.5441e-06,0,1.0132e+05,1.174,1,0.1125,0.1125,0.646,1
1.9978,300,694.73,3.6976e-06,0,1.0132e+05,1.174,1,0.115,0.115,0.646,1
1.9978,300,694.73,3.8511e-06,0,1.0132e+05,1.174,1,0.1175,0.1175,0.646,1
1.9978,300,694.73,4.0046e-06,0,1.0132e+05,1.174,1,0.12,0.12,0.646,1
1.9978,300,694.73,4.1581e-06,0,1.0132e+05,1.174,1,0.1225,0.1225,0.646,1
1.9978,300,694.73,4.3117e-06,0,1.0132e+05,1.174,1,0.125,0.125,0.646,1
1.9978,300,694.73,4.5595e-06,0,1.0132e+05,1.174,1,0.1275,0.1275,0.646,1
1.9978,300,694.73,4.8073e-06,0,1.0132e+05,1.174,1,0.13,0.13,0.646,1
1.9978,300,694.73,5.0552e-06,0,1.0132e+05,1.174,1,0.1325,0.1325,0.646,1
1.9978,300,694.73,5.303e-06,0,1.0132e+05,1.174,1,0.135,0.135,0.646,1
1.9978,300,694.73,5.5508e-06,0,1.0132e+05,1.174,1,0.1375,0.1375,0.646,1
1.9978,300,694.73,5.7987e-06,0,1.0132e+05,1.174,1,0.14,0.14,0.646,1
1.9978,300,694.73,6.0465e-06,0,1.0132e+05,1.174,1,0.1425,0.1425,0.646,1
1.9978,300,694.73,6.2943e-06,0,1.0132e+05,1.174,1,0.145,0.145,0.646,1
1.9978,300,694.73,6.5422e-06,0,1.0132e+05,1.174,1,0.1475,0.1475,0.646,1
1.9978,300,694.73,6.79e-06,0,1.0132e+05,1.174,1,0.15,0.15,0.646,1
1.9978,300,694.73,7.0378e-06,0,1.0132e+05,1.174,1,0.1525,0.1525,0.646,1
1.9978,300,694.73,7.2857e-06,0,1.0132e+05,1.174,1,0.155,0.155,0.646,1
1.9978,300,694.73,7.6081e-06,0,1.0132e+05,1.174,1,0.1575,0.1575,0.646,1
1.9978,300,694.73,8.005e-06,0,1.0132e+05,1.174,1,0.16,0.16,0.646,1
1.9978,300,694.73,8.4019e-06,0,1.0132e+05,1.174,1,0.1625,0.1625,0.646,1
1.9978,300,694.73,8.7989e-06,0,1.0132e+05,1.174,1,0.165,0.165,0.646,1
1.9978,300,694.73,9.1958e-06,0,1.0132e+05,1.174,1,0.1675,0.1675,0.646,1
1.9978,300,694.73,9.5928e-06,0,1.0132e+05,1.174,1,0.17,0.17,0.646,1
1.9978,300,694.73,9.9897e-06,0,1.0132e+05,1.174,1,0.1725,0.1725,0.646,1
1.9978,300,694.73,1.0387e-05,0,1.0132e+05,1.174,1,0.175,0.175,0.646,1
1.9978,300,694.73,1.0784e-05,0,1.0132e+05,1.174,1,0.1775,0.1775,0.646,1
1.9978,300,694.73,1.1181e-05,0,1.0132e+05,1.174,1,0.18,0.18,0.646,1
1.9978,300,694.73,1.1577e-05,0,1.0132e+05,1.174,1,0.1825,0.1825,0.646,1
1.9978,300,694.73,1.1974e-05,0,1.0132e+05,1.174,1,0.185,0.185,0.646,1
1.9978,300,694.73,1.2371e-05,0,1.0132e+05,1.174,1,0.1875,0.1875,0.646,1
1.9978,300,694.73,1.3004e-05,0,1.0132e+05,1.174,1,0.19,0.19,0.646,1
1.9978,300,694.73,1.3637e-05,0,1.0132e+05,1.174,1,0.1925,0.1925,0.646,1
1.9978,300,694.73,1.4269e-05,0,1.0132e+05,1.174,1,0.195,0.195,0.646,1
1.9978,300,694.73,1.4902e-05,0,1.0132e+05,1.174,1,0.1975,0.1975,0.646,1
1.9978,300,694.73,1.5535e-05,0,1.0132e+05,1.174,1,0.2,0.2,0.646,1
1.9978,300,694.73,1.6167e-05,0,1.0132e+05,1.174,1,0.2025,0.2025,0.646,1
1.9978,300,694.73,1.68e-05,0,1.0132e+05,1.174,1,0.205,0.205,0.646,1
1.9978,300,694.73,1.7433e-05,0,1.0132e+05,1.174,1,0.2075,0.2075,0.646,1
1.9978,300,694.73,1.8065e-05,0,1.0132e+05,1.174,1,0.21,0.21,0.646,1
1.9978,300,694.73,1.8698e-05,0,1.0132e+05,1.174,1,0.2125,0.2125,0.646,1
1.9978,300,694.73,1.9331e-05,0,1.0132e+05,1.174,1,0.215,0.215,0.646,1
1.9978,300,694.73,1.9963e-05,0,1.0132e+05,1.174,1,0.2175,0.2175,0.646,1
1.9978,300,694.73,2.0782e-05,0,1.0132e+05,1.174,1,0.22,0.22,0.646,1
1.9978,300,694.73,2.1788e-05,0,1.0132e+05,1.174,1,0.2225,0.2225,0.646,1
1.9978,300,694.73,2.2793e-05,0,1.0132e+05,1.174,1,0.225,0.225,0.646,1
1.9978,300,694.73,2.3798e-05,0,1.0132e+05,1.174,1,0.2275,0.2275,0.646,1
1.9978,300,694.73,2.4803e-05,0,1.0132e+05,1.174,1,0.23,0.23,0.646,1
1.9978,300,694.73,2.5809e-05,0,1.0132e+05,1.174,1,0.2325,0.2325,0.646,1
1.9978,300,694.73,2.6814e-05,0,1.0132e+05,1.174,1,0.235,0.235,0.646,1
1.9978,300,694.73,2.7819e-05,0,1.0132e+05,1.174,1,0.2375,0.2375,0.646,1
1.9978,300,694.73,2.8825e-05,0,1.0132e+05,1.174,1,0.24,0.24,0.646,1
1.9978,300,694.73,2.983e-05,0,1.0132e+05,1.174,1,0.2425,0.2425,0.646,1
1.9978,300,694.73,3.0835e-05,0,1.0132e+05,1.174,1,0.245,0.245,0.646,1
1.9978,300,694.73,3.1841e-05,0,1.0132e+05,1.174,1,0.2475,0.2475,0.646,1
1.9978,300,694.73,3.2846e-05,0,1.0132e+05,1.174,1,0.25,0.25,0.646,1
1.9978,300,694.73,3.4441e-05,0,1.0132e+05,1.174,1,0.2525,0.2525,0.646,1
1.9978,300,694.73,3.6035e-05,0,1.0132e+05,1.174,1,0.255,0.255,0.646,1
1.9978,300,694.73,3.763e-05,0,1.0132e+05,1.174,1,0.2575,0.2575,0.646,1
1.9978,300,694.73,3.9224e-05,0,1.0132e+05,1.174,1,0.26,0.26,0.646,1
1.9978,300,694.73,4.0818e-05,0,1.0132e+05,1.174,1,0.2625,0.2625,0.646,1
1.9978,300,694.73,4.2413e-05,0,1.0132e+05,1.174,1,0.265,0.265,0.646,1
1.9978,300,694.73,4.4007e-05,0,1.0132e+05,1.174,1,0.2675,0.2675,0.646,1
1.9978,300,694.73,4.5602e-05,0,1.0132e+05,1.174,1,0.27,0.27,0.646,1
1.9978,300,694.73,4.7196e-05,0,1.0132e+05,1.174,1,0.2725,0.2725,0.646,1
1.9978,300,694.73,4.8791e-05,0,1.0132e+05,1.174,1,0.275,0.275,0.646,1
1.9978,300,694.73,5.0385e-05,0,1.0132e+05,1.174,1,0.2775,0.2775,0.646,1
1.9978,300,694.73,5.198e-05,0,1.0132e+05,1.174,1,0.28,0.28,0.646,1
1.9978,300,694.73,5.404e-05,0,1.0132e+05,1.174,1,0.2825,0.2825,0.646,1
1.9978,300,694.73,5.6566e-05,0,1.0132e+05,1.174,1,0.285,0.285,0.646,1
1.9978,300,694.73,5.9092e-05,0,1.0132e+05,1.174,1,0.2875,0.2875,0.646,1
1.9978,300,694.73,6.1618e-05,0,1.0132e+05,1.174,1,0.29,0.29,0.646,1
1.9978,300,694.73,6.4144e-05,0,1.0132e+05,1.174,1,0.2925,0.2925,0.646,1
1.9978,300,694.73,6.667e-05,0,1.0132e+05,1.174,1,0.295,0.295,0.646,1
1.9978,300,694.73,6.9196e-05,0,1.0132e+05,1.174,1,0.2975,0.2975,0.646,1
1.9978,300,694.73,7.1722e-05,0,1.0132e+05,1.174,1,0.3,0.3,0.646,1
1.9978,300,694.73,7.4248e-05,0,1.0132e+05,1.174,1,0.3025,0.3025,0.646,1
1.9978,300,694.73,7.6774e-05,0,1.0132e+05,1.174,1,0.305,0.305,0.646,1
1.9978,300,694.73,7.93e-05,0,1.0132e+05,1.174,1,0.3075,0.3075,0.646,1
1.9978,300,694.73,8.1826e-05,0,1.0132e+05,1.174,1,0.31,0.31,0.646,1
1.9978,300,694.73,8.4352e-05,0,1.0132e+05,1.174,1,0.3125,0.3125,0.646,1
1.9978,300,694.73,8.835e-05,0,1.0133e+05,1.174,1,0.315,0.315,0.646,1
1.9978,300,694.73,9.2349e-05,0,1.0133e+05,1.174,1,0.3175,0.3175,0.646,1
1.9978,300,694.73,9.6348e-05,0,1.0133e+05,1.174,1,0.32,0.32,0.646,1
1.9978,300,694.73,0.00010035,0,1.0133e+05,1.174,1,0.3225,0.3225,0.646,1
1.9978,300,694.73,0.00010434,0,1.0133e+05,1.174,1,0.325,0.325,0.646,1
1.9978,300,694.73,0.00010834,0,1.0133e+05,1.174,1,0.3275,0.3275,0.646,1
1.9978,300,694.73,0.00011234,0,1.0133e+05,1.174,1,0.33,0.33,0.646,1
1.9978,300,694.73,0.00011634,0,1.0133e+05,1.174,1,0.3325,0.3325,0.646,1
1.9978,300,694.73,0.00012034,0,1.0133e+05,1.174,1,0.335,0.335,0.646,1
1.9978,300,694.73,0.00012434,0,1.0133e+05,1.174,1,0.3375,0.3375,0.646,1
1.9978,300,694.73,0.00012834,0,1.0133e+05,1.174,1,0.34,0.34,0.646,1
1.9978,300,694.73,0.00013233,0,1.0133e+05,1.174,1,0.3425,0.3425,0.646,1
1.9978,300,694.73,0.0001375,0,1.0133e+05,1.174,1,0.345,0.345,0.646,1
1.9978,300,694.73,0.00014382,0,1.0133e+05,1.174,1,0.3475,0.3475,0.646,1
1.9978,300,694.73,0.00015015,0,1.0133e+05,1.174,1,0.35,0.35,0.646,1
1.9978,300,694.73,0.00015648,0,1.0133e+05,1.174,1,0.3525,0.3525,0.646,1
1.9978,300,694.73,0.0001628,0,1.0133e+05,1.174,1,0.355,0.355,0.646,1
1.9978,300,694.73,0.00016913,0,1.0133e+05,1.174,1,0.3575,0.3575,0.646,1
1.9978,300,694.73,0.00017546,0,1.0133e+05,1.174,1,0.36,0.36,0.646,1
1.9978,300,694.73,0.00018178,0,1.0133e+05,1.174,1,0.3625,0.3625,0.646,1
1.9978,300,694.73,0.00018811,0,1.0133e+05,1.174,1,0.365,0.365,0.646,1
1.9978,300,694.73,0.00019444,0,1.0133e+05,1.174,1,0.3675,0.3675,0.646,1
1.9978,300,694.73,0.00020076,0,1.0133e+05,1.174,1,0.37,0.37,0.646,1
1.9978,300,694.73,0.00020709,0,1.0133e+05,1.174,1,0.3725,0.3725,0.646,1
1.9978,300,694.73,0.00021342,0,1.0133e+05,1.174,1,0.375,0.375,0.646,1
1.9978,300,694.73,0.00022342,0,1.0133e+05,1.174,1,0.3775,0.3775,0.646,1
1.9978,300,694.73,0.00023343,0,1.0133e+05,1.174,1,0.38,0.38,0.646,1
1.9978,300,694.73,0.00024344,0,1.0133e+05,1.174,1,0.3825,0.3825,0.646,1
1.9978,300,694.73,0.00025344,0,1.0133e+05,1.174,1,0.385,0.385,0.646,1
1.9978,300,694.73,0.00026345,0,1.0133e+05,1.174,1,0.3875,0.3875,0.646,1
1.9978,300,694.73,0.00027346,0,1.0133e+05,1.174,1,0.39,0.39,0.646,1
1.9978,300,694.73,0.00028346,0,1.0133e+05,1.174,1,0.3925,0.3925,0.646,1
1.9978,300,694.73,0.00029347,0,1.0133e+05,1.174,1,0.395,0.395,0.646,1
1.9978,300,694.73,0.00030348,0,1.0133e+05,1.174,1,0.3975,0.3975,0.646,1
1.9978,300,694.73,0.00031349,0,1.0133e+05,1.174,1,0.4,0.4,0.646,1
1.9978,300,694.73,0.00032349,0,1.0133e+05,1.174,1,0.4025,0.4025,0.646,1
1.9978,300,694.73,0.0003335,0,1.0133e+05,1.174,1,0.405,0.405,0.646,1
1.9978,300,694.73,0.00034641,0,1.0133e+05,1.174,1,0.4075,0.4075,0.646,1
1.9978,300,694.73,0.00036224,0,1.0133e+05,1.174,1,0.41,0.41,0.646,1
1.9978,300,694.73,0.00037806,0,1.0133e+05,1.174,1,0.4125,0.4125,0.646,1
1.9978,300,694.73,0.00039389,0,1.0133e+05,1.174,1,0.415,0.415,0.646,1
1.9978,300,694.73,0.00040971,0,1.0133e+05,1.174,1,0.4175,0.4175,0.646,1
1.9978,300,694.73,0.00042554,0,1.0133e+05,1.174,1,0.42,0.42,0.646,1
1.9978,300,694.73,0.00044136,0,1.0133e+05,1.174,1,0.4225,0.4225,0.646,1
1.9978,300,694.73,0.00045719,0,1.0133e+05,1.174,1,0.425,0.425,0.646,1
1.9978,300,694.73,0.00047301,0,1.0133e+05,1.174,1,0.4275,0.4275,0.646,1
1.9978,300,694.73,0.00048884,0,1.0133e+05,1.174,1,0.43,0.43,0.646,1
1.9978,300,694.73,0.00050466,0,1.0133e+05,1.174,1,0.4325,0.4325,0.646,1
1.9978,300,694.73,0.00052048,0,1.0133e+05,1.174,1,0.435,0.435,0.646,1
1.9978,300,694.73,0.00053631,0,1.0133e+05,1.174,1,0.4375,0.4375,0.646,1
1.9978,300,694.73,0.00056133,0,1.0133e+05,1.174,1,0.44,0.44,0.646,1
1.9978,300,694.73,0.00058635,0,1.0133e+05,1.174,1,0.4425,0.4425,0.646,1
1.9978,300,694.73,0.00061137,0,1.0133e+05,1.174,1,0.445,0.445,0.646,1
1.9978,300,694.73,0.00063639,0,1.0133e+05,1.174,1,0.4475,0.4475,0.646,1
1.9978,300,694.73,0.00066141,0,1.0133e+05,1.174,1,0.45,0.45,0.646,1
1.9978,300,694.73,0.00068643,0,1.0133e+05,1.174,1,0.4525,0.4525,0.646,1
1.9978,300,694.73,0.00071145,0,1.0133e+05,1.174,1,0.455,0.455,0.646,1
1.9978,300,694.73,0.00073647,0,1.0133e+05,1.174,1,0.4575,0.4575,0.646,1
1.9978,300,694.73,0.00076149,0,1.0133e+05,1.174,1,0.46,0.46,0.646,1
1.9978,300,694.73,0.00078651,0,1.0133e+05,1.174,1,0.4625,0.4625,0.646,1
1.9978,300,694.73,0.00081153,0,1.0133e+05,1.174,1,0.465,0.465,0.646,1
1.9978,300,694.73,0.00083655,0,1.0133e+05,1.174,1,0.4675,0.4675,0.646,1
1.9978,300,694.72,0.00086884,0,1.0133e+05,1.174,1,0.47,0.47,0.646,1
1.9978,300,694.72,0.00090839,0,1.0133e+05,1.174,1,0.4725,0.4725,0.646,1
1.9978,300,694.72,0.00094795,0,1.0133e+05,1.174,1,0.475,0.475,0.646,1
1.9978,300,694.72,0.0009875,0,1.0133e+05,1.174,1,0.4775,0.4775,0.646,1
1.9978,300,694.72,0.0010271,0,1.0133e+05,1.174,1,0.48,0.48,0.646,1
1.9978,300,694.72,0.0010666,0,1.0133e+05,1.174,1,0.4825,0.4825,0.646,1
1.9978,300,694.72,0.0011062,0,1.0133e+05,1.174,1,0.485,0.485,0.646,1
1.9978,300,694.72,0.0011457,0,1.0133e+05,1.174,1,0.4875,0.4875,0.646,1
1.9978,300.01,694.72,0.0011853,0,1.0133e+05,1.174,1,0.49,0.49,0.646,1
1.9978,300.01,694.72,0.0012248,0,1.0133e+05,1.174,1,0.4925,0.4925,0.646,1
1.9978,300.01,694.72,0.0012644,0,1.0133e+05,1.174,1,0.495,0.495,0.646,1
1.9978,300.01,694.72,0.0013039,0,1.0133e+05,1.174,1,0.4975,0.4975,0.646,1
1.9978,300.01,694.72,0.0013435,0,1.0133e+05,1.174,1,0.5,0.5,0.646,1
1.9978,300.01,694.72,0.001406,0,1.0133e+05,1.174,1,0.5025,0.5025,0.646,1
1.9978,300.01,694.72,0.0014685,0,1.0133e+05,1.174,1,0.505,0.505,0.646,1
1.9978,300.01,694.72,0.0015311,0,1.0133e+05,1.174,1,0.5075,0.5075,0.646,1
1.9978,300.01,694.72,0.0015936,0,1.0133e+05,1.174,1,0.51,0.51,0.646,1
1.9978,300.01,694.72,0.0016561,0,1.0133e+05,1.174,1,0.5125,0.5125,0.646,1
1.9978,300.01,694.72,0.0017187,0,1.0133e+05,1.174,1,0.515,0.515,0.646,1
1.9978,300.01,694.72,0.0017812,0,1.0133e+05,1.174,1,0.5175,0.5175,0.646,1
1.9978,300.01,694.72,0.0018437,0,1.0133e+05,1.174,1,0.52,0.52,0.646,1
1.9978,300.01,694.72,0.0019062,0,1.0133e+05,1.174,1,0.5225,0.5225,0.646,1
1.9978,300.01,694.72,0.0019688,0,1.0133e+05,1.174,1,0.525,0.525,0.646,1
1.9978,300.01,694.72,0.0020313,0,1.0133e+05,1.174,1,0.5275,0.5275,0.646,1
1.9978,300.01,694.72,0.0020938,0,1.0133e+05,1.174,1,0.53,0.53,0.646,1
1.9977,300.01,694.72,0.0021745,0,1.0133e+05,1.174,1,0.5325,0.5325,0.646,1
1.9977,300.01,694.72,0.0022733,0,1.0133e+05,1.174,1,0.535,0.535,0.646,1
1.9977,300.01,694.72,0.0023722,0,1.0133e+05,1.174,1,0.5375,0.5375,0.646,1
1.9977,300.01,694.72,0.002471,0,1.0133e+05,1.174,1,0.54,0.54,0.646,1
1.9977,300.01,694.72,0.0025698,0,1.0133e+05,1.174,1,0.5425,0.5425,0.646,1
1.9977,300.01,694.72,0.0026686,0,1.0133e+05,1.174,1,0.545,0.545,0.646,1
1.9977,300.01,694.71,0.0027675,0,1.0133e+05,1.174,1,0.5475,0.5475,0.646,1
1.9977,300.01,694.71,0.0028663,0,1.0134e+05,1.174,1,0.55,0.55,0.646,1
1.9977,300.01,694.71,0.0029651,0,1.0134e+05,1.174,1,0.5525,0.5525,0.646,1
1.9977,300.01,694.71,0.003064,0,1.0134e+05,1.174,1,0.555,0.555,0.646,1
1.9977,300.01,694.71,0.0031628,0,1.0134e+05,1.1741,1,0.5575,0.5575,0.646,1
1.9977,300.01,694.71,0.0032616,0,1.0134e+05,1.1741,1,0.56,0.56,0.646,1
1.9977,300.01,694.71,0.0033605,0,1.0134e+05,1.1741,1,0.5625,0.5625,0.646,1
1.9977,300.01,694.71,0.0035167,0,1.0134e+05,1.1741,1,0.565,0.565,0.646,1
1.9977,300.02,694.71,0.0036729,0,1.0134e+05,1.1741,1,0.5675,0.5675,0.646,1
1.9977,300.02,694.71,0.003829,0,1.0134e+05,1.1741,1,0.57,0.57,0.646,1
1.9977,300.02,694.71,0.0039852,0,1.0134e+05,1.1741,1,0.5725,0.5725,0.646,1
1.9977,300.02,694.71,0.0041414,0,1.0134e+05,1.1741,1,0.575,0.575,0.646,1
1.9977,300.02,694.71,0.0042976,0,1.0134e+05,1.1741,1,0.5775,0.5775,0.646,1
1.9977,300.02,694.71,0.0044538,0,1.0134e+05,1.1741,1,0.58,0.58,0.646,1
1.9977,300.02,694.7,0.00461,0,1.0134e+05,1.1741,1,0.5825,0.5825,0.646,1
1.9977,300.02,694.7,0.0047662,0,1.0134e+05,1.1741,1,0.585,0.585,0.646,1
1.9977,300.02,694.7,0.0049224,0,1.0134e+05,1.1741,1,0.5875,0.5875,0.646,1
1.9977,300.02,694.7,0.0050786,0,1.0134e+05,1.1741,1,0.59,0.59,0.646,1
1.9977,300.02,694.7,0.0052348,0,1.0134e+05,1.1741,1,0.5925,0.5925,0.646,1
1.9977,300.02,694.7,0.0054364,0,1.0134e+05,1.1741,1,0.595,0.595,0.646,1
1.9976,300.02,694.7,0.0056832,0,1.0134e+05,1.1741,1,0.5975,0.5975,0.646,1
1.9976,300.02,694.7,0.0059301,0,1.0135e+05,1.1741,1,0.6,0.6,0.646,1
1.9976,300.03,694.7,0.0061769,0,1.0135e+05,1.1741,1,0.6025,0.6025,0.646,1
1.9976,300.03,694.69,0.0064238,0,1.0135e+05,1.1741,1,0.605,0.605,0.646,1
1.9976,300.03,694.69,0.0066706,0,1.0135e+05,1.1741,1,0.6075,0.6075,0.646,1
1.9976,300.03,694.69,0.0069175,0,1.0135e+05,1.1741,1,0.61,0.61,0.646,1
1.9976,300.03,694.69,0.0071643,0,1.0135e+05,1.1741,1,0.6125,0.6125,0.646,1
1.9976,300.03,694.69,0.0074112,0,1.0135e+05,1.1742,1,0.615,0.615,0.646,1
1.9976,300.03,694.69,0.007658,0,1.0135e+05,1.1742,1,0.6175,0.6175,0.646,1
1.9976,300.03,694.69,0.0079049,0,1.0135e+05,1.1742,1,0.62,0.62,0.646,1
1.9976,300.03,694.69,0.0081517,0,1.0135e+05,1.1742,1,0.6225,0.6225,0.646,1
1.9976,300.03,694.68,0.0083986,0,1.0135e+05,1.1742,1,0.625,0.625,0.646,1
1.9976,300.04,694.68,0.0087887,0,1.0136e+05,1.1742,1,0.6275,0.6275,0.646,1
1.9975,300.04,694.68,0.0091788,0,1.0136e+05,1.1742,1,0.63,0.63,0.646,1
1.9975,300.04,694.68,0.0095688,0,1.0136e+05,1.1742,1,0.6325,0.6325,0.646,1
1.9975,300.04,694.68,0.0099589,0,1.0136e+05,1.1742,1,0.635,0.635,0.646,1
1.9975,300.04,694.67,0.010349,0,1.0136e+05,1.1742,1,0.6375,0.6375,0.646,1
1.9975,300.04,694.67,0.010739,0,1.0136e+05,1.1742,1,0.64,0.64,0.646,1
1.9975,300.05,694.67,0.011129,0,1.0136e+05,1.1742,1,0.6425,0.6425,0.646,1
1.9975,300.05,694.67,0.011519,0,1.0136e+05,1.1743,1,0.645,0.645,0.646,1
1.9975,300.05,694.67,0.011909,0,1.0137e+05,1.1743,1,0.6475,0.6475,0.646,1
1.9975,300.05,694.66,0.012299,0,1.0137e+05,1.1743,1,0.65,0.65,0.646,1
1.9974,300.05,694.66,0.01269,0,1.0137e+05,1.1743,1,0.6525,0.6525,0.646,1
1.9974,300.05,694.66,0.01308,0,1.0137e+05,1.1743,1,0.655,0.655,0.646,1
1.9974,300.06,694.66,0.013583,0,1.0137e+05,1.1743,1,0.6575,0.6575,0.646,1
1.9974,300.06,694.65,0.014199,0,1.0137e+05,1.1743,1,0.66,0.66,0.646,1
1.9974,300.06,694.65,0.014816,0,1.0138e+05,1.1743,1,0.6625,0.6625,0.646,1
1.9974,300.06,694.65,0.015432,0,1.0138e+05,1.1743,1,0.665,0.665,0.646,1
1.9973,300.06,694.64,0.016048,0,1.0138e+05,1.1744,1,0.6675,0.6675,0.646,1
1.9973,300.07,694.64,0.016665,0,1.0138e+05,1.1744,1,0.67,0.67,0.646,1
1.9973,300.07,694.64,0.017281,0,1.0138e+05,1.1744,1,0.6725,0.6725,0.646,1
1.9973,300.07,694.63,0.017898,0,1.0139e+05,1.1744,1,0.675,0.675,0.646,1
1.9973,300.07,694.63,0.018514,0,1.0139e+05,1.1744,1,0.6775,0.6775,0.646,1
1.9973,300.08,694.63,0.01913,0,1.0139e+05,1.1744,1,0.68,0.68,0.646,1
1.9972,300.08,694.62,0.019747,0,1.0139e+05,1.1744,1,0.6825,0.6825,0.646,1
1.9972,300.08,694.62,0.020363,0,1.014e+05,1.1745,1,0.685,0.685,0.646,1
1.9972,300.08,694.62,0.020979,0,1.014e+05,1.1745,1,0.6875,0.6875,0.646,1
1.9972,300.09,694.61,0.021953,0,1.014e+05,1.1745,1,0.69,0.69,0.646,1
1.9972,300.09,694.61,0.022927,0,1.014e+05,1.1745,1,0.6925,0.6925,0.646,1
1.9971,300.1,694.6,0.023901,0,1.0141e+05,1.1745,1,0.695,0.695,0.646,1
1.9971,300.1,694.6,0.024875,0,1.0141e+05,1.1746,1,0.6975,0.6975,0.646,1
1.9971,300.1,694.59,0.025849,0,1.0141e+05,1.1746,1,0.7,0.7,0.646,1
1.997,300.11,694.59,0.026823,0,1.0142e+05,1.1746,1,0.7025,0.7025,0.646,1
1.997,300.11,694.58,0.027797,0,1.0142e+05,1.1746,1,0.705,0.705,0.646,1
1.997,300.12,694.58,0.028771,0,1.0142e+05,1.1747,1,0.7075,0.7075,0.646,1
1.997,300.12,694.57,0.029744,0,1.0143e+05,1.1747,1,0.71,0.71,0.646,1
1.9969,300.12,694.56,0.030718,0,1.0143e+05,1.1747,1,0.7125,0.7125,0.646,1
1.9969,300.13,694.56,0.031692,0,1.0143e+05,1.1747,1,0.715,0.715,0.646,1
1.9969,300.13,694.55,0.032666,0,1.0144e+05,1.1748,1,0.7175,0.7175,0.646,1
1.9968,300.14,694.55,0.033922,0,1.0144e+05,1.1748,1,0.72,0.72,0.646,1
1.9968,300.14,694.54,0.035461,0,1.0145e+05,1.1748,1,0.7225,0.7225,0.646,1
1.9967,300.15,694.53,0.037,0,1.0145e+05,1.1749,1,0.725,0.725,0.646,1
1.9967,300.15,694.52,0.038538,0,1.0146e+05,1.1749,1,0.7275,0.7275,0.646,1
1.9967,300.16,694.52,0.040077,0,1.0146e+05,1.1749,1,0.73,0.73,0.646,1
1.9966,300.17,694.51,0.041616,0,1.0147e+05,1.175,1,0.7325,0.7325,0.646,1
1.9966,300.17,694.5,0.043154,0,1.0147e+05,1.175,1,0.735,0.735,0.646,1
1.9965,300.18,694.49,0.044693,0,1.0148e+05,1.175,1,0.7375,0.7375,0.646,1
1.9965,300.18,694.48,0.046232,0,1.0148e+05,1.1751,1,0.74,0.74,0.646,1
1.9964,300.19,694.47,0.04777,0,1.0149e+05,1.1751,1,0.7425,0.7425,0.646,1
1.9964,300.2,694.47,0.049309,0,1.0149e+05,1.1751,1,0.745,0.745,0.646,1
1.9964,300.2,694.46,0.050848,0,1.015e+05,1.1752,1,0.7475,0.7475,0.646,1
1.9963,300.21,694.45,0.052386,0,1.015e+05,1.1752,1,0.75,0.75,0.646,1
1.9962,300.22,694.44,0.054817,0,1.0151e+05,1.1753,1,0.7525,0.7525,0.646,1
1.9962,300.23,694.42,0.057248,0,1.0152e+05,1.1753,1,0.755,0.755,0.646,1
1.9961,300.24,694.41,0.059678,0,1.0153e+05,1.1754,1,0.7575,0.7575,0.646,1
1.996,300.25,694.4,0.062109,0,1.0154e+05,1.1754,1,0.76,0.76,0.646,1
1.996,300.26,694.39,0.06454,0,1.0154e+05,1.1755,1,0.7625,0.7625,0.646,1
1.9959,300.27,694.37,0.06697,0,1.0155e+05,1.1756,1,0.765,0.765,0.646,1
1.9958,300.28,694.36,0.069401,0,1.0156e+05,1.1756,1,0.7675,0.7675,0.646,1
1.9958,300.29,694.35,0.071832,0,1.0157e+05,1.1757,1,0.77,0.77,0.646,1
1.9957,300.3,694.34,0.074263,0,1.0158e+05,1.1757,1,0.7725,0.7725,0.646,1
1.9956,300.3,694.32,0.076693,0,1.0158e+05,1.1758,1,0.775,0.775,0.646,1
1.9956,300.31,694.31,0.079124,0,1.0159e+05,1.1758,1,0.7775,0.7775,0.646,1
1.9955,300.32,694.3,0.081555,0,1.016e+05,1.1759,1,0.78,0.78,0.646,1
1.9954,300.34,694.28,0.08469,0,1.0161e+05,1.176,1,0.7825,0.7825,0.646,1
1.9953,300.35,694.26,0.08853,0,1.0162e+05,1.1761,1,0.785,0.785,0.646,1
1.9952,300.37,694.24,0.092369,0,1.0164e+05,1.1761,1,0.7875,0.7875,0.646,1
1.9951,300.38,694.22,0.096209,0,1.0165e+05,1.1762,1,0.79,0.79,0.646,1
1.995,300.4,694.2,0.10005,0,1.0166e+05,1.1763,1,0.7925,0.7925,0.646,1
1.9949,300.41,694.18,0.10389,0,1.0167e+05,1.1764,1,0.795,0.795,0.646,1
1.9948,300.43,694.16,0.10773,0,1.0169e+05,1.1765,1,0.7975,0.7975,0.646,1
1.9947,300.44,694.14,0.11157,0,1.017e+05,1.1766,1,0.8,0.8,0.646,1
1.9945,300.46,694.12,0.11541,0,1.0171e+05,1.1767,1,0.8025,0.8025,0.646,1
1.9944,300.47,694.1,0.11925,0,1.0173e+05,1.1768,1,0.805,0.805,0.646,1
1.9943,300.49,694.08,0.12309,0,1.0174e+05,1.1768,1,0.8075,0.8075,0.646,1
1.9942,300.5,694.06,0.12693,0,1.0175e+05,1.1769,1,0.81,0.81,0.646,1
1.9941,300.52,694.04,0.13077,0,1.0176e+05,1.177,1,0.8125,0.8125,0.646,1
1.9939,300.54,694.01,0.13683,0,1.0178e+05,1.1772,1,0.815,0.815,0.646,1
1.9938,300.56,693.98,0.1429,0,1.018e+05,1.1773,1,0.8175,0.8175,0.646,1
1.9936,300.59,693.95,0.14896,0,1.0182e+05,1.1774,1,0.82,0.82,0.646,1
1.9934,300.61,693.91,0.15503,0,1.0184e+05,1.1776,1,0.8225,0.8225,0.646,1
1.9933,300.63,693.88,0.16109,0,1.0186e+05,1.1777,1,0.825,0.825,0.646,1
1.9931,300.66,693.85,0.16716,0,1.0188e+05,1.1779,1,0.8275,0.8275,0.646,1
1.9929,300.68,693.82,0.17322,0,1.019e+05,1.178,1,0.83,0.83,0.646,1
1.9928,300.7,693.79,0.17929,0,1.0192e+05,1.1781,1,0.8325,0.8325,0.646,1
1.9926,300.73,693.76,0.18535,0,1.0194e+05,1.1783,1,0.835,0.835,0.646,1
1.9924,300.75,693.73,0.19142,0,1.0196e+05,1.1784,1,0.8375,0.8375,0.646,1
1.9923,300.77,693.69,0.19748,0,1.0198e+05,1.1786,1,0.84,0.84,0.646,1
1.9921,300.8,693.66,0.20355,0,1.02e+05,1.1787,1,0.8425,0.8425,0.646,1
1.9919,300.83,693.62,0.21137,0,1.0203e+05,1.1789,1,0.845,0.845,0.646,1
1.9916,300.87,693.57,0.22095,0,1.0206e+05,1.1791,1,0.8475,0.8475,0.646,1
1.9914,300.9,693.52,0.23053,0,1.0209e+05,1.1793,1,0.85,0.85,0.646,1
1.9911,300.94,693.47,0.24011,0,1.0212e+05,1.1795,1,0.8525,0.8525,0.646,1
1.9908,300.98,693.42,0.24968,0,1.0215e+05,1.1797,1,0.855,0.855,0.646,1
1.9906,301.01,693.38,0.25926,0,1.0219e+05,1.18,1,0.8575,0.8575,0.646,1
1.9903,301.05,693.33,0.26884,0,1.0222e+05,1.1802,1,0.86,0.86,0.646,1
1.99,301.09,693.28,0.27842,0,1.0225e+05,1.1804,1,0.8625,0.8625,0.646,1
1.9898,301.12,693.23,0.288,0,1.0228e+05,1.1806,1,0.865,0.865,0.646,1
1.9895,301.16,693.18,0.29758,0,1.0231e+05,1.1808,1,0.8675,0.8675,0.646,1
1.9892,301.2,693.13,0.30716,0,1.0234e+05,1.1811,1,0.87,0.87,0.646,1
1.989,301.23,693.08,0.31674,0,1.0237e+05,1.1813,1,0.8725,0.8725,0.646,1
1.9887,301.27,693.03,0.32632,0,1.0241e+05,1.1815,1,0.875,0.875,0.646,1
1.9883,301.33,692.95,0.34145,0,1.0245e+05,1.1818,1,0.8775,0.8775,0.646,1
1.9879,301.39,692.87,0.35657,0,1.025e+05,1.1822,1,0.88,0.88,0.646,1
1.9875,301.44,692.8,0.3717,0,1.0255e+05,1.1825,1,0.8825,0.8825,0.646,1
1.9871,301.5,692.72,0.38683,0,1.026e+05,1.1829,1,0.885,0.885,0.646,1
1.9867,301.56,692.64,0.40196,0,1.0265e+05,1.1832,1,0.8875,0.8875,0.646,1
1.9862,301.62,692.56,0.41709,0,1.027e+05,1.1835,1,0.89,0.89,0.646,1
1.9858,301.68,692.49,0.43222,0,1.0275e+05,1.1839,1,0.8925,0.8925,0.646,1
1.9854,301.73,692.41,0.44734,0,1.028e+05,1.1842,1,0.895,0.895,0.646,1
1.985,301.79,692.33,0.46247,0,1.0285e+05,1.1846,1,0.8975,0.8975,0.646,1
1.9846,301.85,692.25,0.4776,0,1.029e+05,1.1849,1,0.9,0.9,0.646,1
1.9842,301.91,692.18,0.49273,0,1.0295e+05,1.1852,1,0.9025,0.9025,0.646,1
1.9838,301.96,692.1,0.50786,0,1.03e+05,1.1856,1,0.905,0.905,0.646,1
1.9832,302.04,692,0.52737,0,1.0306e+05,1.186,1,0.9075,0.9075,0.646,1
1.9826,302.13,691.88,0.55126,0,1.0314e+05,1.1865,1,0.91,0.91,0.646,1
1.982,302.22,691.76,0.57514,0,1.0321e+05,1.1871,1,0.9125,0.9125,0.646,1
1.9813,302.31,691.63,0.59903,0,1.0329e+05,1.1876,1,0.915,0.915,0.646,1
1.9807,302.4,691.51,0.62292,0,1.0337e+05,1.1881,1,0.9175,0.9175,0.646,1
1.98,302.49,691.39,0.64681,0,1.0345e+05,1.1887,1,0.92,0.92,0.646,1
1.9794,302.58,691.27,0.6707,0,1.0352e+05,1.1892,1,0.9225,0.9225,0.646,1
1.9787,302.67,691.15,0.69459,0,1.036e+05,1.1897,1,0.925,0.925,0.646,1
1.9781,302.76,691.03,0.71848,0,1.0368e+05,1.1903,1,0.9275,0.9275,0.646,1
1.9775,302.85,690.91,0.74237,0,1.0376e+05,1.1908,1,0.93,0.93,0.646,1
1.9768,302.94,690.78,0.76626,0,1.0383e+05,1.1913,1,0.9325,0.9325,0.646,1
1.9762,303.03,690.66,0.79015,0,1.0391e+05,1.1919,1,0.935,0.935,0.646,1
1.9755,303.12,690.54,0.81403,0,1.0399e+05,1.1924,1,0.9375,0.9375,0.646,1
1.9745,303.26,690.35,0.85175,0,1.0411e+05,1.1932,1,0.94,0.94,0.646,1
1.9735,303.4,690.16,0.88946,0,1.0423e+05,1.1941,1,0.9425,0.9425,0.646,1
1.9725,303.55,689.97,0.92718,0,1.0435e+05,1.1949,1,0.945,0.945,0.646,1
1.9715,303.69,689.78,0.96489,0,1.0447e+05,1.1957,1,0.9475,0.9475,0.646,1
1.9705,303.83,689.59,1.0026,0,1.0459e+05,1.1966,1,0.95,0.95,0.646,1
1.9695,303.97,689.4,1.0403,0,1.0472e+05,1.1974,1,0.9525,0.9525,0.646,1
1.9685,304.11,689.21,1.078,0,1.0484e+05,1.1982,1,0.955,0.955,0.646,1
1.9675,304.25,689.01,1.1157,0,1.0496e+05,1.199,1,0.9575,0.9575,0.646,1
1.9665,304.39,688.82,1.1535,0,1.0508e+05,1.1999,1,0.96,0.96,0.646,1
1.9655,304.53,688.63,1.1912,0,1.052e+05,1.2007,1,0.9625,0.9625,0.646,1
1.9645,304.68,688.44,1.2289,0,1.0532e+05,1.2015,1,0.965,0.965,0.646,1
1.9635,304.82,688.25,1.2666,0,1.0544e+05,1.2024,1,0.9675,0.9675,0.646,1
1.9622,305,688.01,1.3152,0,1.056e+05,1.2034,1,0.97,0.97,0.646,1
1.9607,305.22,687.71,1.3747,0,1.0579e+05,1.2047,1,0.9725,0.9725,0.646,1
1.9591,305.44,687.41,1.4342,0,1.0598e+05,1.206,1,0.975,0.975,0.646,1
1.9576,305.66,687.11,1.4937,0,1.0617e+05,1.2073,1,0.9775,0.9775,0.646,1
1.956,305.88,686.81,1.5533,0,1.0636e+05,1.2086,1,0.98,0.98,0.646,1
1.9545,306.1,686.51,1.6128,0,1.0655e+05,1.2099,1,0.9825,0.9825,0.646,1
1.9529,306.32,686.21,1.6723,0,1.0674e+05,1.2112,1,0.985,0.985,0.646,1
1.9514,306.54,685.91,1.7318,0,1.0693e+05,1.2124,1,0.9875,0.9875,0.646,1
1.9498,306.76,685.61,1.7913,0,1.0712e+05,1.2137,1,0.99,0.99,0.646,1
1.9483,306.98,685.31,1.8508,0,1.0731e+05,1.215,1,0.9925,0.9925,0.646,1
1.9467,307.2,685.02,1.9103,0,1.075e+05,1.2163,1,0.995,0.995,0.646,1
1.9452,307.42,684.72,1.9698,0,1.0769e+05,1.2176,1,0.9975,0.9975,0.646,1
1.9436,307.64,684.42,2.0293,0,1.0788e+05,1.2189,1,1,1,0.646,1
1.9412,307.98,683.95,2.1231,0,1.0818e+05,1.2209,1,1.0025,1.0025,0.646,1
1.9389,308.32,683.48,2.2169,0,1.0848e+05,1.2229,1,1.005,1.005,0.646,1
1.9365,308.66,683.01,2.3107,0,1.0878e+05,1.2249,1,1.0075,1.0075,0.646,1
1.9341,309,682.55,2.4045,0,1.0908e+05,1.2268,1,1.01,1.01,0.646,1
1.9317,309.34,682.08,2.4983,0,1.0938e+05,1.2288,1,1.0125,1.0125,0.646,1
1.9294,309.68,681.61,2.592,0,1.0967e+05,1.2308,1,1.015,1.015,0.646,1
1.927,310.02,681.14,2.6858,0,1.0997e+05,1.2328,1,1.0175,1.0175,0.646,1
1.9246,310.36,680.67,2.7796,0,1.1027e+05,1.2348,1,1.02,1.02,0.646,1
1.9222,310.7,680.21,2.8734,0,1.1057e+05,1.2368,1,1.0225,1.0225,0.646,1
1.9198,311.04,679.74,2.9672,0,1.1087e+05,1.2388,1,1.025,1.025,0.646,1
1.9175,311.38,679.27,3.061,0,1.1117e+05,1.2408,1,1.0275,1.0275,0.646,1
1.9151,311.72,678.8,3.1548,0,1.1146e+05,1.2427,1,1.03,1.03,0.646,1
1.9121,312.16,678.2,3.2753,0,1.1185e+05,1.2453,1,1.0325,1.0325,0.646,1
1.9085,312.68,677.47,3.4227,0,1.1231e+05,1.2483,1,1.035,1.035,0.646,1
1.9049,313.2,676.74,3.5701,0,1.1278e+05,1.2513,1,1.0375,1.0375,0.646,1
1.9013,313.73,676.02,3.7175,0,1.1325e+05,1.2544,1,1.04,1.04,0.646,1
1.8977,314.25,675.29,3.8648,0,1.1371e+05,1.2574,1,1.0425,1.0425,0.646,1
1.8941,314.77,674.56,4.0122,0,1.1418e+05,1.2604,1,1.045,1.045,0.646,1
1.8905,315.29,673.83,4.1596,0,1.1465e+05,1.2635,1,1.0475,1.0475,0.646,1
1.8869,315.82,673.1,4.3069,0,1.1511e+05,1.2665,1,1.05,1.05,0.646,1
1.8832,316.34,672.37,4.4543,0,1.1558e+05,1.2696,1,1.0525,1.0525,0.646,1
1.8796,316.86,671.64,4.6017,0,1.1605e+05,1.2726,1,1.055,1.055,0.646,1
1.876,317.39,670.91,4.7491,0,1.1651e+05,1.2756,1,1.0575,1.0575,0.646,1
1.8724,317.91,670.18,4.8964,0,1.1698e+05,1.2787,1,1.06,1.06,0.646,1
1.8688,318.43,669.45,5.0438,0,1.1745e+05,1.2817,1,1.0625,1.0625,0.646,1
1.8635,319.22,668.32,5.2738,0,1.1818e+05,1.2863,1,1.065,1.065,0.646,1
1.8582,320.01,667.2,5.5039,0,1.189e+05,1.2909,1,1.0675,1.0675,0.646,1
1.8528,320.8,666.07,5.7339,0,1.1963e+05,1.2955,1,1.07,1.07,0.646,1
1.8475,321.59,664.94,5.9639,0,1.2036e+05,1.3,1,1.0725,1.0725,0.646,1
1.8421,322.38,663.81,6.1939,0,1.2108e+05,1.3046,1,1.075,1.075,0.646,1
1.8368,323.17,662.69,6.4239,0,1.2181e+05,1.3092,1,1.0775,1.0775,0.646,1
1.8315,323.96,661.56,6.654,0,1.2253e+05,1.3138,1,1.08,1.08,0.646,1
1.8261,324.75,660.43,6.884,0,1.2326e+05,1.3184,1,1.0825,1.0825,0.646,1
1.8208,325.54,659.31,7.114,0,1.2399e+05,1.323,1,1.085,1.085,0.646,1
1.8154,326.33,658.18,7.344,0,1.2471e+05,1.3275,1,1.0875,1.0875,0.646,1
1.8101,327.12,657.05,7.574,0,1.2544e+05,1.3321,1,1.09,1.09,0.646,1
1.8048,327.91,655.92,7.804,0,1.2617e+05,1.3367,1,1.0925,1.0925,0.646,1
1.7983,328.89,654.51,8.0959,0,1.2709e+05,1.3424,1,1.095,1.095,0.646,1
1.7907,330.04,652.8,8.4496,0,1.2821e+05,1.3491,1,1.0975,1.0975,0.646,1
1.783,331.2,651.09,8.8032,0,1.2933e+05,1.3559,1,1.1,1.1,0.646,1
1.7754,332.36,649.38,9.1569,0,1.3045e+05,1.3627,1,1.1025,1.1025,0.646,1
1.7678,333.51,647.67,9.5106,0,1.3157e+05,1.3695,1,1.105,1.105,0.646,1
1.7602,334.67,645.96,9.8642,0,1.3268e+05,1.3762,1,1.1075,1.1075,0.646,1
1.7525,335.83,644.25,10.218,0,1.338e+05,1.383,1,1.11,1.11,0.646,1
1.7449,336.99,642.54,10.572,0,1.3492e+05,1.3898,1,1.1125,1.1125,0.646,1
1.7373,338.14,640.83,10.925,0,1.3604e+05,1.3965,1,1.115,1.115,0.646,1
1.7297,339.3,639.12,11.279,0,1.3716e+05,1.4033,1,1.1175,1.1175,0.646,1
1.722,340.46,637.41,11.633,0,1.3828e+05,1.4101,1,1.12,1.12,0.646,1
1.7144,341.61,635.7,11.986,0,1.394e+05,1.4168,1,1.1225,1.1225,0.646,1
1.7068,342.77,633.99,12.34,0,1.4052e+05,1.4236,1,1.125,1.125,0.646,1
1.6965,344.38,631.49,12.867,0,1.422e+05,1.4333,1,1.1275,1.1275,0.646,1
1.6862,345.98,628.99,13.394,0,1.4388e+05,1.4431,1,1.13,1.13,0.646,1
1.6759,347.59,626.49,13.921,0,1.4556e+05,1.4528,1,1.1325,1.1325,0.646,1
1.6657,349.2,623.99,14.449,0,1.4724e+05,1.4625,1,1.135,1.135,0.646,1
1.6554,350.81,621.49,14.976,0,1.4893e+05,1.4722,1,1.1375,1.1375,0.646,1
1.6451,352.41,618.99,15.503,0,1.5061e+05,1.482,1,1.14,1.14,0.646,1
1.6348,354.02,616.49,16.03,0,1.5229e+05,1.4917,1,1.1425,1.1425,0.646,1
1.6245,355.63,613.98,16.557,0,1.5397e+05,1.5014,1,1.145,1.145,0.646,1
1.6142,357.23,611.48,17.084,0,1.5566e+05,1.5111,1,1.1475,1.1475,0.646,1
1.6039,358.84,608.98,17.612,0,1.5734e+05,1.5208,1,1.15,1.15,0.646,1
1.5936,360.45,606.48,18.139,0,1.5902e+05,1.5306,1,1.1525,1.1525,0.646,1
1.5834,362.05,603.98,18.666,0,1.607e+05,1.5403,1,1.155,1.155,0.646,1
1.5718,363.88,601.02,19.3,0,1.6275e+05,1.5518,1,1.1575,1.1575,0.646,1
1.559,365.93,597.58,20.042,0,1.6517e+05,1.5652,1,1.16,1.16,0.646,1
1.5463,367.97,594.15,20.784,0,1.6759e+05,1.5786,1,1.1625,1.1625,0.646,1
1.5335,370.02,590.72,21.525,0,1.7e+05,1.592,1,1.165,1.165,0.646,1
1.5207,372.06,587.28,22.267,0,1.7242e+05,1.6053,1,1.1675,1.1675,0.646,1
1.5079,374.11,583.85,23.009,0,1.7484e+05,1.6187,1,1.17,1.17,0.646,1
1.4952,376.16,580.42,23.751,0,1.7725e+05,1.6321,1,1.1725,1.1725,0.646,1
1.4824,378.2,576.98,24.492,0,1.7967e+05,1.6455,1,1.175,1.175,0.646,1
1.4696,380.25,573.55,25.234,0,1.8209e+05,1.6588,1,1.1775,1.1775,0.646,1
1.4568,382.29,570.12,25.976,0,1.845e+05,1.6722,1,1.18,1.18,0.646,1
1.4441,384.34,566.68,26.717,0,1.8692e+05,1.6856,1,1.1825,1.1825,0.646,1
1.4313,386.39,563.25,27.459,0,1.8934e+05,1.699,1,1.185,1.185,0.646,1
1.4185,388.43,559.82,28.201,0,1.9175e+05,1.7124,1,1.1875,1.1875,0.646,1
1.4043,390.72,555.54,29.151,0,1.9496e+05,1.7296,1,1.19,1.19,0.646,1
1.3901,393.02,551.26,30.102,0,1.9817e+05,1.7469,1,1.1925,1.1925,0.646,1
1.3758,395.31,546.98,31.052,0,2.0138e+05,1.7641,1,1.195,1.195,0.646,1
1.3616,397.6,542.7,32.002,0,2.0459e+05,1.7814,1,1.1975,1.1975,0.646,1
1.3474,399.89,538.42,32.953,0,2.078e+05,1.7987,1,1.2,1.2,0.646,1
1.3332,402.19,534.14,33.903,0,2.1101e+05,1.8159,1,1.2025,1.2025,0.646,1
1.3189,404.48,529.86,34.853,0,2.1422e+05,1.8332,1,1.205,1.205,0.646,1
1.3047,406.77,525.58,35.804,0,2.1743e+05,1.8504,1,1.2075,1.2075,0.646,1
1.2905,409.07,521.3,36.754,0,2.2064e+05,1.8677,1,1.21,1.21,0.646,1
1.2763,411.36,517.02,37.705,0,2.2385e+05,1.885,1,1.2125,1.2125,0.646,1
1.262,413.65,512.74,38.655,0,2.2707e+05,1.9022,1,1.215,1.215,0.646,1
1.2478,415.94,508.46,39.605,0,2.3028e+05,1.9195,1,1.2175,1.2175,0.646,1
1.2337,418.18,503.97,40.615,0,2.3378e+05,1.9382,1,1.22,1.22,0.646,1
1.2198,420.36,499.27,41.685,0,2.3758e+05,1.9585,1,1.2225,1.2225,0.646,1
1.2059,422.55,494.58,42.755,0,2.4138e+05,1.9787,1,1.225,1.225,0.646,1
1.192,424.73,489.88,43.825,0,2.4517e+05,1.999,1,1.2275,1.2275,0.646,1
1.1781,426.91,485.18,44.894,0,2.4897e+05,2.0192,1,1.23,1.23,0.646,1
1.1642,429.1,480.49,45.964,0,2.5277e+05,2.0395,1,1.2325,1.2325,0.646,1
1.1502,431.28,475.79,47.034,0,2.5657e+05,2.0597,1,1.235,1.235,0.646,1
1.1363,433.46,471.1,48.103,0,2.6037e+05,2.08,1,1.2375,1.2375,0.646,1
1.1224,435.65,466.4,49.173,0,2.6417e+05,2.1002,1,1.24,1.24,0.646,1
1.1085,437.83,461.71,50.243,0,2.6796e+05,2.1205,1,1.2425,1.2425,0.646,1
1.0946,440.01,457.01,51.313,0,2.7176e+05,2.1407,1,1.245,1.245,0.646,1
1.0807,442.19,452.31,52.382,0,2.7556e+05,2.161,1,1.2475,1.2475,0.646,1
1.0667,444.38,447.62,53.452,0,2.7936e+05,2.1812,1,1.25,1.25,0.646,1
1.0549,446.12,443.18,54.486,0,2.8323e+05,2.2021,1,1.2525,1.2525,0.646,1
1.043,447.85,438.74,55.519,0,2.8711e+05,2.2229,1,1.255,1.255,0.646,1
1.0312,449.59,434.3,56.552,0,2.9099e+05,2.2438,1,1.2575,1.2575,0.646,1
1.0193,451.33,429.86,57.585,0,2.9486e+05,2.2647,1,1.26,1.26,0.646,1
1.0075,453.07,425.42,58.619,0,2.9874e+05,2.2855,1,1.2625,1.2625,0.646,1
0.9956,454.81,420.98,59.652,0,3.0262e+05,2.3064,1,1.265,1.265,0.646,1
0.98374,456.55,416.54,60.686,0,3.0649e+05,2.3273,1,1.2675,1.2675,0.646,1
0.97188,458.28,412.1,61.719,0,3.1037e+05,2.3481,1,1.27,1.27,0.646,1
0.96002,460.02,407.66,62.752,0,3.1424e+05,2.369,1,1.2725,1.2725,0.646,1
0.94817,461.76,403.22,63.785,0,3.1812e+05,2.3898,1,1.275,1.275,0.646,1
0.93631,463.5,398.78,64.819,0,3.22e+05,2.4107,1,1.2775,1.2775,0.646,1
0.92445,465.24,394.34,65.852,0,3.2587e+05,2.4316,1,1.28,1.28,0.646,1
0.91411,466.69,390.32,66.797,0,3.2949e+05,2.4512,1,1.2825,1.2825,0.646,1
0.90529,467.86,386.72,67.654,0,3.3284e+05,2.4696,1,1.285,1.285,0.646,1
0.89647,469.04,383.12,68.51,0,3.362e+05,2.488,1,1.2875,1.2875,0.646,1
0.88765,470.21,379.52,69.367,0,3.3955e+05,2.5064,1,1.29,1.29,0.646,1
0.87883,471.38,375.92,70.224,0,3.4291e+05,2.5248,1,1.2925,1.2925,0.646,1
0.87001,472.55,372.32,71.08,0,3.4626e+05,2.5432,1,1.295,1.295,0.646,1
0.86119,473.72,368.72,71.937,0,3.4962e+05,2.5616,1,1.2975,1.2975,0.646,1
0.85237,474.89,365.12,72.794,0,3.5297e+05,2.58,1,1.3,1.3,0.646,1
0.84355,476.07,361.52,73.65,0,3.5633e+05,2.5984,1,1.3025,1.3025,0.646,1
0.83473,477.24,357.92,74.507,0,3.5968e+05,2.6168,1,1.305,1.305,0.646,1
0.82591,478.41,354.32,75.364,0,3.6304e+05,2.6352,1,1.3075,1.3075,0.646,1
0.81709,479.58,350.72,76.22,0,3.6639e+05,2.6537,1,1.31,1.31,0.646,1
0.80827,480.75,347.12,77.077,0,3.6975e+05,2.6721,1,1.3125,1.3125,0.646,1
0.80246,481.45,344.59,77.703,0,3.7222e+05,2.6859,1,1.315,1.315,0.646,1
0.79665,482.14,342.05,78.329,0,3.7469e+05,2.6997,1,1.3175,1.3175,0.646,1
0.79084,482.84,339.51,78.956,0,3.7716e+05,2.7135,1,1.32,1.32,0.646,1
0.78504,483.53,336.98,79.582,0,3.7963e+05,2.7273,1,1.3225,1.3225,0.646,1
0.77923,484.22,334.44,80.208,0,3.821e+05,2.7411,1,1.325,1.325,0.646,1
0.77342,484.92,331.91,80.834,0,3.8457e+05,2.755,1,1.3275,1.3275,0.646,1
0.76761,485.61,329.37,81.461,0,3.8704e+05,2.7688,1,1.33,1.33,0.646,1
0.76181,486.31,326.84,82.087,0,3.8951e+05,2.7826,1,1.3325,1.3325,0.646,1
0.756,487,324.3,82.713,0,3.9198e+05,2.7964,1,1.335,1.335,0.646,1
0.75019,487.7,321.77,83.34,0,3.9445e+05,2.8102,1,1.3375,1.3375,0.646,1
0.74438,488.39,319.23,83.966,0,3.9692e+05,2.824,1,1.34,1.34,0.646,1
0.73858,489.08,316.7,84.592,0,3.994e+05,2.8378,1,1.3425,1.3425,0.646,1
0.73394,489.62,314.63,85.118,0,4.0142e+05,2.8492,1,1.345,1.345,0.646,1
0.73048,490,313.04,85.543,0,4.03e+05,2.8582,1,1.3475,1.3475,0.646,1
0.72701,490.38,311.45,85.968,0,4.0459e+05,2.8672,1,1.35,1.35,0.646,1
0.72355,490.76,309.85,86.393,0,4.0617e+05,2.8761,1,1.3525,1.3525,0.646,1
0.72008,491.14,308.26,86.818,0,4.0775e+05,2.8851,1,1.355,1.355,0.646,1
0.71662,491.52,306.66,87.243,0,4.0934e+05,2.8941,1,1.3575,1.3575,0.646,1
0.71315,491.9,305.07,87.668,0,4.1092e+05,2.903,1,1.36,1.36,0.646,1
0.70969,492.28,303.48,88.094,0,4.125e+05,2.912,1,1.3625,1.3625,0.646,1
0.70622,492.66,301.88,88.519,0,4.1408e+05,2.921,1,1.365,1.365,0.646,1
0.70276,493.04,300.29,88.944,0,4.1567e+05,2.9299,1,1.3675,1.3675,0.646,1
0.69929,493.42,298.69,89.369,0,4.1725e+05,2.9389,1,1.37,1.37,0.646,1
0.69583,493.8,297.1,89.794,0,4.1883e+05,2.9479,1,1.3725,1.3725,0.646,1
0.69236,494.19,295.51,90.219,0,4.2041e+05,2.9568,1,1.375,1.375,0.646,1
0.69042,494.39,294.57,90.507,0,4.2133e+05,2.962,1,1.3775,1.3775,0.646,1
0.68848,494.59,293.64,90.795,0,4.2224e+05,2.9672,1,1.38,1.38,0.646,1
0.68654,494.79,292.7,91.083,0,4.2316e+05,2.9724,1,1.3825,1.3825,0.646,1
0.68459,495,291.77,91.371,0,4.2407e+05,2.9776,1,1.385,1.385,0.646,1
0.68265,495.2,290.83,91.659,0,4.2498e+05,2.9828,1,1.3875,1.3875,0.646,1
0.68071,495.4,289.9,91.947,0,4.259e+05,2.988,1,1.39,1.39,0.646,1
0.67877,495.61,288.96,92.236,0,4.2681e+05,2.9932,1,1.3925,1.3925,0.646,1
0.67683,495.81,288.03,92.524,0,4.2772e+05,2.9984,1,1.395,1.395,0.646,1
0.67488,496.01,287.09,92.812,0,4.2864e+05,3.0036,1,1.3975,1.3975,0.646,1
0.67294,496.21,286.16,93.1,0,4.2955e+05,3.0088,1,1.4,1.4,0.646,1
0.671,496.42,285.23,93.388,0,4.3047e+05,3.014,1,1.4025,1.4025,0.646,1
0.66906,496.62,284.29,93.676,0,4.3138e+05,3.0192,1,1.405,1.405,0.646,1
0.66755,496.78,283.55,93.925,0,4.3208e+05,3.0232,1,1.4075,1.4075,0.646,1
0.66648,496.89,283.01,94.136,0,4.3258e+05,3.026,1,1.41,1.41,0.646,1
0.6654,497,282.46,94.347,0,4.3308e+05,3.0288,1,1.4125,1.4125,0.646,1
0.66433,497.11,281.92,94.558,0,4.3358e+05,3.0316,1,1.415,1.415,0.646,1
0.66326,497.22,281.38,94.769,0,4.3407e+05,3.0344,1,1.4175,1.4175,0.646,1
0.66218,497.33,280.83,94.98,0,4.3457e+05,3.0372,1,1.42,1.42,0.646,1
0.66111,497.44,280.29,95.191,0,4.3507e+05,3.04,1,1.4225,1.4225,0.646,1
0.66004,497.55,279.74,95.402,0,4.3556e+05,3.0428,1,1.425,1.425,0.646,1
0.65896,497.66,279.2,95.613,0,4.3606e+05,3.0456,1,1.4275,1.4275,0.646,1
0.65789,497.77,278.66,95.824,0,4.3656e+05,3.0484,1,1.43,1.43,0.646,1
0.65681,497.88,278.11,96.035,0,4.3705e+05,3.0512,1,1.4325,1.4325,0.646,1
0.65574,497.99,277.57,96.245,0,4.3755e+05,3.054,1,1.435,1.435,0.646,1
0.65467,498.1,277.03,96.456,0,4.3805e+05,3.0568,1,1.4375,1.4375,0.646,1
0.65405,498.17,276.69,96.63,0,4.3831e+05,3.0582,1,1.44,1.44,0.646,1
0.65343,498.23,276.36,96.803,0,4.3858e+05,3.0597,1,1.4425,1.4425,0.646,1
0.65281,498.3,276.02,96.977,0,4.3885e+05,3.0611,1,1.445,1.445,0.646,1
0.6522,498.37,275.69,97.151,0,4.3911e+05,3.0626,1,1.4475,1.4475,0.646,1
0.65158,498.43,275.35,97.324,0,4.3938e+05,3.064,1,1.45,1.45,0.646,1
0.65096,498.5,275.02,97.498,0,4.3964e+05,3.0655,1,1.4525,1.4525,0.646,1
0.65034,498.56,274.68,97.671,0,4.3991e+05,3.0669,1,1.455,1.455,0.646,1
0.64973,498.63,274.35,97.845,0,4.4018e+05,3.0684,1,1.4575,1.4575,0.646,1
0.64911,498.7,274.01,98.018,0,4.4044e+05,3.0698,1,1.46,1.46,0.646,1
0.64849,498.76,273.68,98.192,0,4.4071e+05,3.0713,1,1.4625,1.4625,0.646,1
0.64787,498.83,273.35,98.365,0,4.4098e+05,3.0727,1,1.465,1.465,0.646,1
0.64726,498.89,273.01,98.539,0,4.4124e+05,3.0742,1,1.4675,1.4675,0.646,1
0.64678,498.94,272.74,98.718,0,4.4145e+05,3.0753,1,1.47,1.47,0.646,1
0.64646,498.98,272.52,98.902,0,4.4159e+05,3.0761,1,1.4725,1.4725,0.646,1
0.64613,499.02,272.31,99.086,0,4.4174e+05,3.0769,1,1.475,1.475,0.646,1
0.6458,499.05,272.1,99.27,0,4.4189e+05,3.0777,1,1.4775,1.4775,0.646,1
0.64547,499.09,271.88,99.454,0,4.4203e+05,3.0785,1,1.48,1.48,0.646,1
0.64515,499.12,271.67,99.638,0,4.4218e+05,3.0793,1,1.4825,1.4825,0.646,1
0.64482,499.16,271.46,99.822,0,4.4233e+05,3.0801,1,1.485,1.485,0.646,1
0.64449,499.19,271.25,100.01,0,4.4247e+05,3.0809,1,1.4875,1.4875,0.646,1
0.64417,499.23,271.03,100.19,0,4.4262e+05,3.0817,1,1.49,1.49,0.646,1
0.64384,499.27,270.82,100.37,0,4.4276e+05,3.0825,1,1.4925,1.4925,0.646,1
0.64351,499.3,270.61,100.56,0,4.4291e+05,3.0833,1,1.495,1.495,0.646,1
0.64318,499.34,270.39,100.74,0,4.4306e+05,3.0841,1,1.4975,1.4975,0.646,1
0.64286,499.37,270.18,100.93,0,4.432e+05,3.0849,1,1.5,1.5,0.646,1
0.64249,499.41,269.96,101.08,0,4.4334e+05,3.0856,1,1.5025,1.5025,0.646,1
0.64212,499.45,269.74,101.23,0,4.4348e+05,3.0863,1,1.505,1.505,0.646,1
0.64176,499.49,269.52,101.38,0,4.4361e+05,3.087,1,1.5075,1.5075,0.646,1
0.64139,499.53,269.29,101.54,0,4.4375e+05,3.0877,1,1.51,1.51,0.646,1
0.64102,499.58,269.07,101.69,0,4.4389e+05,3.0884,1,1.5125,1.5125,0.646,1
0.64065,499.62,268.85,101.84,0,4.4403e+05,3.0891,1,1.515,1.515,0.646,1
0.64028,499.66,268.63,102,0,4.4416e+05,3.0898,1,1.5175,1.5175,0.646,1
0.63991,499.7,268.41,102.15,0,4.443e+05,3.0905,1,1.52,1.52,0.646,1
0.63955,499.74,268.18,102.31,0,4.4443e+05,3.0912,1,1.5225,1.5225,0.646,1
0.63918,499.78,267.96,102.46,0,4.4457e+05,3.0919,1,1.525,1.525,0.646,1
0.63882,499.82,267.74,102.62,0,4.447e+05,3.0926,1,1.5275,1.5275,0.646,1
0.63845,499.86,267.52,102.77,0,4.4484e+05,3.0933,1,1.53,1.53,0.646,1
0.63815,499.89,267.32,102.93,0,4.4495e+05,3.0938,1,1.5325,1.5325,0.646,1
0.63791,499.92,267.16,103.08,0,4.4502e+05,3.0942,1,1.535,1.535,0.646,1
0.63767,499.94,266.99,103.23,0,4.451e+05,3.0946,1,1.5375,1.5375,0.646,1
0.63743,499.97,266.83,103.38,0,4.4518e+05,3.0949,1,1.54,1.54,0.646,1
0.6372,500,266.66,103.53,0,4.4525e+05,3.0953,1,1.5425,1.5425,0.646,1
0.63696,500.02,266.49,103.69,0,4.4533e+05,3.0957,1,1.545,1.545,0.646,1
0.63672,500.05,266.33,103.84,0,4.4541e+05,3.096,1,1.5475,1.5475,0.646,1
0.63649,500.08,266.16,104,0,4.4548e+05,3.0964,1,1.55,1.55,0.646,1
0.63625,500.1,265.99,104.15,0,4.4556e+05,3.0968,1,1.5525,1.5525,0.646,1
0.63601,500.13,265.83,104.31,0,4.4564e+05,3.0971,1,1.555,1.555,0.646,1
0.63577,500.16,265.66,104.46,0,4.4571e+05,3.0975,1,1.5575,1.5575,0.646,1
0.63553,500.18,265.49,104.62,0,4.4579e+05,3.0979,1,1.56,1.56,0.646,1
0.63529,500.21,265.33,104.77,0,4.4587e+05,3.0982,1,1.5625,1.5625,0.646,1
0.63514,500.23,265.19,104.92,0,4.4591e+05,3.0984,1,1.565,1.565,0.646,1
0.63498,500.24,265.06,105.08,0,4.4594e+05,3.0986,1,1.5675,1.5675,0.646,1
0.63482,500.26,264.93,105.23,0,4.4598e+05,3.0987,1,1.57,1.57,0.646,1
0.63467,500.28,264.8,105.38,0,4.4602e+05,3.0989,1,1.5725,1.5725,0.646,1
0.63452,500.3,264.67,105.53,0,4.4606e+05,3.0991,1,1.575,1.575,0.646,1
0.63436,500.31,264.54,105.69,0,4.461e+05,3.0992,1,1.5775,1.5775,0.646,1
0.63421,500.33,264.41,105.84,0,4.4614e+05,3.0994,1,1.58,1.58,0.646,1
0.63406,500.35,264.28,106,0,4.4618e+05,3.0995,1,1.5825,1.5825,0.646,1
0.63391,500.36,264.15,106.15,0,4.4621e+05,3.0997,1,1.585,1.585,0.646,1
0.63376,500.38,264.02,106.31,0,4.4625e+05,3.0999,1,1.5875,1.5875,0.646,1
0.63361,500.4,263.89,106.46,0,4.4629e+05,3.1,1,1.59,1.59,0.646,1
0.63346,500.41,263.76,106.62,0,4.4633e+05,3.1002,1,1.5925,1.5925,0.646,1
0.63333,500.43,263.64,106.77,0,4.4635e+05,3.1003,1,1.595,1.595,0.646,1
0.63323,500.44,263.54,106.93,0,4.4636e+05,3.1003,1,1.5975,1.5975,0.646,1
0.63314,500.45,263.43,107.08,0,4.4638e+05,3.1003,1,1.6,1.6,0.646,1
0.63304,500.46,263.33,107.23,0,4.4639e+05,3.1003,1,1.6025,1.6025,0.646,1
0.63294,500.47,263.22,107.38,0,4.464e+05,3.1004,1,1.605,1.605,0.646,1
0.63285,500.48,263.11,107.53,0,4.4641e+05,3.1004,1,1.6075,1.6075,0.646,1
0.63276,500.49,263.01,107.69,0,4.4643e+05,3.1004,1,1.61,1.61,0.646,1
0.63266,500.5,262.9,107.84,0,4.4644e+05,3.1004,1,1.6125,1.6125,0.646,1
0.63257,500.51,262.8,107.99,0,4.4645e+05,3.1004,1,1.615,1.615,0.646,1
0.63248,500.52,262.7,108.15,0,4.4646e+05,3.1004,1,1.6175,1.6175,0.646,1
0.63239,500.53,262.59,108.3,0,4.4647e+05,3.1004,1,1.62,1.62,0.646,1
0.6323,500.54,262.49,108.46,0,4.4648e+05,3.1005,1,1.6225,1.6225,0.646,1
0.63221,500.55,262.38,108.62,0,4.4649e+05,3.1005,1,1.625,1.625,0.646,1
0.63216,500.56,262.3,108.77,0,4.4648e+05,3.1004,1,1.6275,1.6275,0.646,1
0.63211,500.56,262.21,108.92,0,4.4648e+05,3.1003,1,1.63,1.63,0.646,1
0.63206,500.57,262.13,109.07,0,4.4647e+05,3.1002,1,1.6325,1.6325,0.646,1
0.63201,500.57,262.04,109.22,0,4.4646e+05,3.1001,1,1.635,1.635,0.646,1
0.63196,500.58,261.96,109.37,0,4.4645e+05,3.1,1,1.6375,1.6375,0.646,1
0.63191,500.58,261.87,109.52,0,4.4644e+05,3.0999,1,1.64,1.64,0.646,1
0.63187,500.59,261.79,109.67,0,4.4644e+05,3.0998,1,1.6425,1.6425,0.646,1
0.63182,500.59,261.7,109.82,0,4.4643e+05,3.0998,1,1.645,1.645,0.646,1
0.63177,500.6,261.62,109.98,0,4.4642e+05,3.0997,1,1.6475,1.6475,0.646,1
0.63173,500.6,261.53,110.13,0,4.4641e+05,3.0996,1,1.65,1.65,0.646,1
0.63168,500.61,261.45,110.28,0,4.464e+05,3.0995,1,1.6525,1.6525,0.646,1
0.63164,500.61,261.36,110.44,0,4.4639e+05,3.0994,1,1.655,1.655,0.646,1
0.63161,500.62,261.28,110.59,0,4.4637e+05,3.0992,1,1.6575,1.6575,0.646,1
0.63159,500.62,261.21,110.74,0,4.4635e+05,3.0991,1,1.66,1.66,0.646,1
0.63158,500.62,261.15,110.88,0,4.4633e+05,3.0989,1,1.6625,1.6625,0.646,1
0.63157,500.62,261.08,111.03,0,4.463e+05,3.0987,1,1.665,1.665,0.646,1
0.63155,500.62,261.01,111.18,0,4.4628e+05,3.0986,1,1.6675,1.6675,0.646,1
0.63154,500.62,260.94,111.33,0,4.4625e+05,3.0984,1,1.67,1.67,0.646,1
0.63153,500.62,260.87,111.48,0,4.4623e+05,3.0982,1,1.6725,1.6725,0.646,1
0.63152,500.62,260.8,111.63,0,4.462e+05,3.098,1,1.675,1.675,0.646,1
0.63151,500.62,260.73,111.78,0,4.4618e+05,3.0978,1,1.6775,1.6775,0.646,1
0.6315,500.62,260.66,111.93,0,4.4615e+05,3.0977,1,1.68,1.68,0.646,1
0.63149,500.63,260.59,112.08,0,4.4613e+05,3.0975,1,1.6825,1.6825,0.646,1
0.63149,500.63,260.53,112.23,0,4.461e+05,3.0973,1,1.685,1.685,0.646,1
0.63148,500.63,260.46,112.38,0,4.4608e+05,3.0971,1,1.6875,1.6875,0.646,1
0.63149,500.62,260.4,112.53,0,4.4604e+05,3.0969,1,1.69,1.69,0.646,1
0.6315,500.62,260.34,112.67,0,4.4601e+05,3.0967,1,1.6925,1.6925,0.646,1
0.63152,500.62,260.29,112.82,0,4.4597e+05,3.0964,1,1.695,1.695,0.646,1
0.63153,500.62,260.23,112.96,0,4.4593e+05,3.0962,1,1.6975,1.6975,0.646,1
0.63155,500.62,260.17,113.11,0,4.459e+05,3.0959,1,1.7,1.7,0.646,1
0.63157,500.61,260.12,113.26,0,4.4586e+05,3.0957,1,1.7025,1.7025,0.646,1
0.63159,500.61,260.06,113.4,0,4.4582e+05,3.0955,1,1.705,1.705,0.646,1
0.63161,500.61,260.01,113.55,0,4.4579e+05,3.0952,1,1.7075,1.7075,0.646,1
0.63163,500.61,259.95,113.7,0,4.4575e+05,3.095,1,1.71,1.71,0.646,1
0.63165,500.6,259.9,113.84,0,4.4571e+05,3.0947,1,1.7125,1.7125,0.646,1
0.63167,500.6,259.84,113.99,0,4.4567e+05,3.0945,1,1.715,1.715,0.646,1
0.63169,500.6,259.79,114.14,0,4.4563e+05,3.0942,1,1.7175,1.7175,0.646,1
0.63172,500.59,259.74,114.29,0,4.4559e+05,3.0939,1,1.72,1.72,0.646,1
0.63175,500.59,259.69,114.43,0,4.4554e+05,3.0936,1,1.7225,1.7225,0.646,1
0.63179,500.59,259.64,114.57,0,4.455e+05,3.0934,1,1.725,1.725,0.646,1
0.63183,500.58,259.6,114.71,0,4.4545e+05,3.0931,1,1.7275,1.7275,0.646,1
0.63186,500.58,259.55,114.85,0,4.454e+05,3.0928,1,1.73,1.73,0.646,1
0.6319,500.57,259.5,114.99,0,4.4536e+05,3.0925,1,1.7325,1.7325,0.646,1
0.63194,500.57,259.46,115.14,0,4.4531e+05,3.0922,1,1.735,1.735,0.646,1
0.63198,500.56,259.41,115.28,0,4.4526e+05,3.0919,1,1.7375,1.7375,0.646,1
0.63203,500.56,259.37,115.42,0,4.4521e+05,3.0916,1,1.74,1.74,0.646,1
0.63207,500.55,259.33,115.57,0,4.4517e+05,3.0913,1,1.7425,1.7425,0.646,1
0.63211,500.55,259.28,115.71,0,4.4512e+05,3.091,1,1.745,1.745,0.646,1
0.63216,500.54,259.24,115.86,0,4.4507e+05,3.0907,1,1.7475,1.7475,0.646,1
0.6322,500.53,259.2,116,0,4.4502e+05,3.0903,1,1.75,1.75,0.646,1
0.63226,500.53,259.16,116.14,0,4.4496e+05,3.09,1,1.7525,1.7525,0.646,1
0.63231,500.52,259.12,116.27,0,4.4491e+05,3.0897,1,1.755,1.755,0.646,1
0.63237,500.51,259.08,116.41,0,4.4486e+05,3.0893,1,1.7575,1.7575,0.646,1
0.63242,500.51,259.05,116.55,0,4.448e+05,3.089,1,1.76,1.76,0.646,1
0.63248,500.5,259.01,116.69,0,4.4475e+05,3.0887,1,1.7625,1.7625,0.646,1
0.63254,500.49,258.97,116.83,0,4.4469e+05,3.0883,1,1.765,1.765,0.646,1
0.63259,500.49,258.94,116.97,0,4.4463e+05,3.088,1,1.7675,1.7675,0.646,1
0.63265,500.48,258.9,117.1,0,4.4458e+05,3.0876,1,1.77,1.77,0.646,1
0.63271,500.47,258.87,117.24,0,4.4452e+05,3.0873,1,1.7725,1.7725,0.646,1
0.63277,500.46,258.83,117.38,0,4.4447e+05,3.0869,1,1.775,1.775,0.646,1
0.63284,500.46,258.8,117.52,0,4.4441e+05,3.0866,1,1.7775,1.7775,0.646,1
0.6329,500.45,258.76,117.66,0,4.4435e+05,3.0862,1,1.78,1.78,0.646,1
0.63297,500.44,258.73,117.8,0,4.4429e+05,3.0859,1,1.7825,1.7825,0.646,1
0.63304,500.43,258.7,117.93,0,4.4423e+05,3.0855,1,1.785,1.785,0.646,1
0.6331,500.43,258.67,118.07,0,4.4417e+05,3.0851,1,1.7875,1.7875,0.646,1
0.63317,500.42,258.64,118.2,0,4.4411e+05,3.0847,1,1.79,1.79,0.646,1
0.63324,500.41,258.61,118.33,0,4.4405e+05,3.0844,1,1.7925,1.7925,0.646,1
0.63331,500.4,258.58,118.47,0,4.4398e+05,3.084,1,1.795,1.795,0.646,1
0.63339,500.39,258.55,118.6,0,4.4392e+05,3.0836,1,1.7975,1.7975,0.646,1
0.63346,500.38,258.53,118.73,0,4.4386e+05,3.0832,1,1.8,1.8,0.646,1
0.63353,500.37,258.5,118.87,0,4.438e+05,3.0829,1,1.8025,1.8025,0.646,1
0.6336,500.37,258.47,119,0,4.4373e+05,3.0825,1,1.805,1.805,0.646,1
0.63368,500.36,258.44,119.14,0,4.4367e+05,3.0821,1,1.8075,1.8075,0.646,1
0.63376,500.35,258.42,119.27,0,4.4361e+05,3.0817,1,1.81,1.81,0.646,1
0.63383,500.34,258.39,119.41,0,4.4354e+05,3.0813,1,1.8125,1.8125,0.646,1
0.63391,500.33,258.36,119.54,0,4.4348e+05,3.0809,1,1.815,1.815,0.646,1
0.63399,500.32,258.34,119.67,0,4.4341e+05,3.0805,1,1.8175,1.8175,0.646,1
0.63407,500.31,258.32,119.79,0,4.4334e+05,3.0801,1,1.82,1.82,0.646,1
0.63415,500.3,258.29,119.92,0,4.4328e+05,3.0797,1,1.8225,1.8225,0.646,1
0.63423,500.29,258.27,120.05,0,4.4321e+05,3.0793,1,1.825,1.825,0.646,1
0.63431,500.28,258.25,120.18,0,4.4314e+05,3.0789,1,1.8275,1.8275,0.646,1
0.63439,500.27,258.23,120.31,0,4.4308e+05,3.0785,1,1.83,1.83,0.646,1
0.63448,500.26,258.2,120.44,0,4.4301e+05,3.0781,1,1.8325,1.8325,0.646,1
0.63456,500.25,258.18,120.57,0,4.4294e+05,3.0777,1,1.835,1.835,0.646,1
0.63464,500.24,258.16,120.7,0,4.4287e+05,3.0772,1,1.8375,1.8375,0.646,1
0.63473,500.23,258.14,120.83,0,4.428e+05,3.0768,1,1.84,1.84,0.646,1
0.63482,500.22,258.12,120.96,0,4.4273e+05,3.0764,1,1.8425,1.8425,0.646,1
0.6349,500.21,258.1,121.09,0,4.4267e+05,3.076,1,1.845,1.845,0.646,1
0.63499,500.2,258.08,121.21,0,4.426e+05,3.0756,1,1.8475,1.8475,0.646,1
0.63507,500.19,258.06,121.33,0,4.4253e+05,3.0751,1,1.85,1.85,0.646,1
0.63516,500.18,258.04,121.46,0,4.4246e+05,3.0747,1,1.8525,1.8525,0.646,1
0.63525,500.17,258.02,121.58,0,4.4239e+05,3.0743,1,1.855,1.855,0.646,1
0.63534,500.16,258,121.71,0,4.4231e+05,3.0739,1,1.8575,1.8575,0.646,1
0.63543,500.15,257.99,121.83,0,4.4224e+05,3.0734,1,1.86,1.86,0.646,1
0.63552,500.14,257.97,121.95,0,4.4217e+05,3.073,1,1.8625,1.8625,0.646,1
0.63561,500.13,257.95,122.08,0,4.421e+05,3.0726,1,1.865,1.865,0.646,1
0.6357,500.12,257.94,122.2,0,4.4203e+05,3.0721,1,1.8675,1.8675,0.646,1
0.63579,500.11,257.92,122.33,0,4.4196e+05,3.0717,1,1.87,1.87,0.646,1
0.63588,500.09,257.9,122.45,0,4.4188e+05,3.0713,1,1.8725,1.8725,0.646,1
0.63598,500.08,257.89,122.58,0,4.4181e+05,3.0708,1,1.875,1.875,0.646,1
0.63607,500.07,257.87,122.7,0,4.4174e+05,3.0704,1,1.8775,1.8775,0.646,1
0.63615,500.06,257.85,122.82,0,4.4167e+05,3.07,1,1.88,1.88,0.646,1
0.63624,500.05,257.84,122.93,0,4.4159e+05,3.0695,1,1.8825,1.8825,0.646,1
0.63633,500.04,257.82,123.05,0,4.4152e+05,3.0691,1,1.885,1.885,0.646,1
0.63643,500.03,257.81,123.17,0,4.4145e+05,3.0686,1,1.8875,1.8875,0.646,1
0.63652,500.02,257.79,123.29,0,4.4137e+05,3.0682,1,1.89,1.89,0.646,1
0.63661,500.01,257.78,123.41,0,4.413e+05,3.0677,1,1.8925,1.8925,0.646,1
0.63671,500,257.77,123.53,0,4.4122e+05,3.0673,1,1.895,1.895,0.646,1
0.6368,499.99,257.75,123.65,0,4.4115e+05,3.0668,1,1.8975,1.8975,0.646,1
0.6369,499.97,257.74,123.77,0,4.4108e+05,3.0664,1,1.9,1.9,0.646,1
0.637,499.96,257.73,123.89,0,4.41e+05,3.0659,1,1.9025,1.9025,0.646,1
0.63709,499.95,257.72,124.01,0,4.4092e+05,3.0655,1,1.905,1.905,0.646,1
0.63719,499.94,257.7,124.12,0,4.4085e+05,3.065,1,1.9075,1.9075,0.646,1
0.63728,499.93,257.69,124.24,0,4.4078e+05,3.0646,1,1.91,1.91,0.646,1
0.63737,499.92,257.68,124.35,0,4.407e+05,3.0641,1,1.9125,1.9125,0.646,1
0.63746,499.91,257.66,124.47,0,4.4063e+05,3.0637,1,1.915,1.915,0.646,1
0.63755,499.9,257.65,124.58,0,4.4055e+05,3.0632,1,1.9175,1.9175,0.646,1
0.63765,499.89,257.64,124.69,0,4.4048e+05,3.0628,1,1.92,1.92,0.646,1
0.63774,499.88,257.63,124.81,0,4.404e+05,3.0623,1,1.9225,1.9225,0.646,1
0.63784,499.86,257.62,124.92,0,4.4033e+05,3.0619,1,1.925,1.925,0.646,1
0.63793,499.85,257.61,125.03,0,4.4025e+05,3.0614,1,1.9275,1.9275,0.646,1
0.63803,499.84,257.6,125.15,0,4.4017e+05,3.0609,1,1.93,1.93,0.646,1
0.63813,499.83,257.59,125.26,0,4.401e+05,3.0605,1,1.9325,1.9325,0.646,1
0.63823,499.82,257.58,125.38,0,4.4002e+05,3.06,1,1.935,1.935,0.646,1
0.63833,499.81,257.57,125.49,0,4.3994e+05,3.0595,1,1.9375,1.9375,0.646,1
0.63842,499.8,257.56,125.6,0,4.3987e+05,3.0591,1,1.94,1.94,0.646,1
0.63851,499.78,257.55,125.71,0,4.3979e+05,3.0586,1,1.9425,1.9425,0.646,1
0.6386,499.77,257.53,125.82,0,4.3972e+05,3.0582,1,1.945,1.945,0.646,1
0.63869,499.76,257.52,125.93,0,4.3964e+05,3.0577,1,1.9475,1.9475,0.646,1
0.63878,499.75,257.51,126.03,0,4.3957e+05,3.0573,1,1.95,1.95,0.646,1
0.63888,499.74,257.5,126.14,0,4.3949e+05,3.0568,1,1.9525,1.9525,0.646,1
0.63897,499.73,257.49,126.25,0,4.3941e+05,3.0563,1,1.955,1.955,0.646,1
0.63907,499.72,257.48,126.36,0,4.3934e+05,3.0559,1,1.9575,1.9575,0.646,1
0.63916,499.71,257.48,126.47,0,4.3926e+05,3.0554,1,1.96,1.96,0.646,1
0.63926,499.7,257.47,126.58,0,4.3918e+05,3.0549,1,1.9625,1.9625,0.646,1
0.63936,499.68,257.46,126.69,0,4.391e+05,3.0545,1,1.965,1.965,0.646,1
0.63946,499.67,257.45,126.79,0,4.3903e+05,3.054,1,1.9675,1.9675,0.646,1
0.63955,499.66,257.44,126.9,0,4.3895e+05,3.0535,1,1.97,1.97,0.646,1
0.63964,499.65,257.43,127,0,4.3888e+05,3.0531,1,1.9725,1.9725,0.646,1
0.63973,499.64,257.42,127.11,0,4.388e+05,3.0526,1,1.975,1.975,0.646,1
0.63982,499.63,257.41,127.21,0,4.3873e+05,3.0522,1,1.9775,1.9775,0.646,1
0.63991,499.62,257.4,127.31,0,4.3865e+05,3.0517,1,1.98,1.98,0.646,1
0.64,499.61,257.39,127.42,0,4.3857e+05,3.0512,1,1.9825,1.9825,0.646,1
0.64009,499.6,257.38,127.52,0,4.385e+05,3.0508,1,1.985,1.985,0.646,1
0.64018,499.59,257.38,127.62,0,4.3842e+05,3.0503,1,1.9875,1.9875,0.646,1
0.64027,499.58,257.37,127.73,0,4.3834e+05,3.0498,1,1.99,1.99,0.646,1
0.64037,499.57,257.36,127.83,0,4.3827e+05,3.0494,1,1.9925,1.9925,0.646,1
0.64046,499.55,257.35,127.93,0,4.3819e+05,3.0489,1,1.995,1.995,0.646,1
0.64056,499.54,257.35,128.03,0,4.3811e+05,3.0484,1,1.9975,1.9975,0.646,1
0.64065,499.53,257.34,128.14,0,4.3803e+05,3.0479,1,2,2,0.646,1
0.64074,499.52,257.33,128.24,0,4.3796e+05,3.0475,1,2.0025,2.0025,0.646,1
0.64082,499.51,257.32,128.33,0,4.3789e+05,3.047,1,2.005,2.005,0.646,1
0.64091,499.5,257.31,128.43,0,4.3781e+05,3.0466,1,2.0075,2.0075,0.646,1
0.64099,499.49,257.3,128.53,0,4.3774e+05,3.0461,1,2.01,2.01,0.646,1
0.64108,499.48,257.29,128.63,0,4.3766e+05,3.0456,1,2.0125,2.0125,0.646,1
0.64116,499.47,257.28,128.72,0,4.3759e+05,3.0452,1,2.015,2.015,0.646,1
0.64125,499.46,257.27,128.82,0,4.3751e+05,3.0447,1,2.0175,2.0175,0.646,1
0.64134,499.45,257.27,128.92,0,4.3743e+05,3.0443,1,2.02,2.02,0.646,1
0.64143,499.44,257.26,129.02,0,4.3736e+05,3.0438,1,2.0225,2.0225,0.646,1
0.64152,499.43,257.25,129.12,0,4.3728e+05,3.0433,1,2.025,2.025,0.646,1
0.64161,499.42,257.25,129.21,0,4.372e+05,3.0429,1,2.0275,2.0275,0.646,1
0.6417,499.41,257.24,129.31,0,4.3713e+05,3.0424,1,2.03,2.03,0.646,1
0.64179,499.4,257.23,129.41,0,4.3705e+05,3.0419,1,2.0325,2.0325,0.646,1
0.64187,499.39,257.22,129.5,0,4.3698e+05,3.0415,1,2.035,2.035,0.646,1
0.64194,499.38,257.21,129.59,0,4.3691e+05,3.041,1,2.0375,2.0375,0.646,1
0.64202,499.37,257.2,129.68,0,4.3683e+05,3.0406,1,2.04,2.04,0.646,1
0.6421,499.36,257.19,129.78,0,4.3676e+05,3.0401,1,2.0425,2.0425,0.646,1
0.64218,499.35,257.18,129.87,0,4.3669e+05,3.0397,1,2.045,2.045,0.646,1
0.64227,499.34,257.17,129.96,0,4.3661e+05,3.0392,1,2.0475,2.0475,0.646,1
0.64235,499.33,257.16,130.05,0,4.3654e+05,3.0387,1,2.05,2.05,0.646,1
0.64243,499.32,257.16,130.15,0,4.3646e+05,3.0383,1,2.0525,2.0525,0.646,1
0.64251,499.31,257.15,130.24,0,4.3639e+05,3.0378,1,2.055,2.055,0.646,1
0.6426,499.3,257.14,130.33,0,4.3631e+05,3.0373,1,2.0575,2.0575,0.646,1
0.64268,499.29,257.14,130.42,0,4.3624e+05,3.0369,1,2.06,2.06,0.646,1
0.64277,499.28,257.13,130.51,0,4.3616e+05,3.0364,1,2.0625,2.0625,0.646,1
0.64284,499.28,257.12,130.6,0,4.3609e+05,3.036,1,2.065,2.065,0.646,1
0.64291,499.27,257.11,130.69,0,4.3602e+05,3.0355,1,2.0675,2.0675,0.646,1
0.64298,499.26,257.1,130.77,0,4.3595e+05,3.0351,1,2.07,2.07,0.646,1
0.64306,499.25,257.09,130.86,0,4.3588e+05,3.0346,1,2.0725,2.0725,0.646,1
0.64313,499.24,257.07,130.95,0,4.358e+05,3.0342,1,2.075,2.075,0.646,1
0.6432,499.23,257.06,131.04,0,4.3573e+05,3.0337,1,2.0775,2.0775,0.646,1
0.64328,499.22,257.06,131.12,0,4.3566e+05,3.0333,1,2.08,2.08,0.646,1
0.64335,499.22,257.05,131.21,0,4.3559e+05,3.0328,1,2.0825,2.0825,0.646,1
0.64343,499.21,257.04,131.3,0,4.3551e+05,3.0324,1,2.085,2.085,0.646,1
0.64351,499.2,257.03,131.38,0,4.3544e+05,3.0319,1,2.0875,2.0875,0.646,1
0.64358,499.19,257.02,131.47,0,4.3537e+05,3.0315,1,2.09,2.09,0.646,1
0.64366,499.18,257.01,131.56,0,4.3529e+05,3.031,1,2.0925,2.0925,0.646,1
0.64373,499.17,257,131.64,0,4.3522e+05,3.0306,1,2.095,2.095,0.646,1
0.64379,499.16,256.99,131.72,0,4.3515e+05,3.0301,1,2.0975,2.0975,0.646,1
0.64386,499.16,256.98,131.8,0,4.3508e+05,3.0297,1,2.1,2.1,0.646,1
0.64392,499.15,256.97,131.88,0,4.3502e+05,3.0293,1,2.1025,2.1025,0.646,1
0.64398,499.14,256.95,131.96,0,4.3495e+05,3.0288,1,2.105,2.105,0.646,1
0.64405,499.13,256.94,132.05,0,4.3488e+05,3.0284,1,2.1075,2.1075,0.646,1
0.64412,499.13,256.93,132.13,0,4.3481e+05,3.0279,1,2.11,2.11,0.646,1
0.64418,499.12,256.92,132.21,0,4.3474e+05,3.0275,1,2.1125,2.1125,0.646,1
0.64425,499.11,256.91,132.29,0,4.3467e+05,3.0271,1,2.115,2.115,0.646,1
0.64432,499.1,256.9,132.37,0,4.3459e+05,3.0266,1,2.1175,2.1175,0.646,1
0.64439,499.1,256.89,132.45,0,4.3452e+05,3.0262,1,2.12,2.12,0.646,1
0.64446,499.09,256.88,132.53,0,4.3445e+05,3.0257,1,2.1225,2.1225,0.646,1
0.64453,499.08,256.87,132.61,0,4.3438e+05,3.0253,1,2.125,2.125,0.646,1
0.64458,499.07,256.86,132.69,0,4.3432e+05,3.0249,1,2.1275,2.1275,0.646,1
0.64463,499.07,256.84,132.77,0,4.3425e+05,3.0244,1,2.13,2.13,0.646,1
0.64469,499.06,256.83,132.84,0,4.3418e+05,3.024,1,2.1325,2.1325,0.646,1
0.64474,499.05,256.81,132.92,0,4.3412e+05,3.0236,1,2.135,2.135,0.646,1
0.64479,499.05,256.8,132.99,0,4.3405e+05,3.0232,1,2.1375,2.1375,0.646,1
0.64485,499.04,256.79,133.07,0,4.3398e+05,3.0227,1,2.14,2.14,0.646,1
0.64491,499.03,256.77,133.15,0,4.3392e+05,3.0223,1,2.1425,2.1425,0.646,1
0.64496,499.03,256.76,133.22,0,4.3385e+05,3.0219,1,2.145,2.145,0.646,1
0.64502,499.02,256.75,133.3,0,4.3378e+05,3.0215,1,2.1475,2.1475,0.646,1
0.64508,499.01,256.74,133.37,0,4.3371e+05,3.021,1,2.15,2.15,0.646,1
0.64514,499.01,256.73,133.45,0,4.3365e+05,3.0206,1,2.1525,2.1525,0.646,1
0.6452,499,256.72,133.52,0,4.3358e+05,3.0202,1,2.155,2.155,0.646,1
0.64525,498.99,256.7,133.59,0,4.3351e+05,3.0197,1,2.1575,2.1575,0.646,1
0.64529,498.99,256.68,133.67,0,4.3345e+05,3.0193,1,2.16,2.16,0.646,1
0.64533,498.99,256.67,133.74,0,4.3339e+05,3.0189,1,2.1625,2.1625,0.646,1
0.64538,498.98,256.65,133.81,0,4.3333e+05,3.0185,1,2.165,2.165,0.646,1
0.64542,498.98,256.63,133.88,0,4.3326e+05,3.0181,1,2.1675,2.1675,0.646,1
0.64546,498.97,256.62,133.95,0,4.332e+05,3.0177,1,2.17,2.17,0.646,1
0.64551,498.96,256.6,134.02,0,4.3314e+05,3.0173,1,2.1725,2.1725,0.646,1
0.64555,498.96,256.59,134.09,0,4.3307e+05,3.0169,1,2.175,2.175,0.646,1
0.6456,498.95,256.57,134.16,0,4.3301e+05,3.0165,1,2.1775,2.1775,0.646,1
0.64565,498.95,256.56,134.23,0,4.3294e+05,3.016,1,2.18,2.18,0.646,1
0.6457,498.94,256.54,134.3,0,4.3288e+05,3.0156,1,2.1825,2.1825,0.646,1
0.64574,498.94,256.53,134.37,0,4.3281e+05,3.0152,1,2.185,2.185,0.646,1
0.64579,498.93,256.52,134.43,0,4.3275e+05,3.0148,1,2.1875,2.1875,0.646,1
0.64582,498.93,256.5,134.5,0,4.3269e+05,3.0144,1,2.19,2.19,0.646,1
0.64585,498.93,256.48,134.56,0,4.3263e+05,3.014,1,2.1925,2.1925,0.646,1
0.64588,498.92,256.46,134.63,0,4.3257e+05,3.0136,1,2.195,2.195,0.646,1
0.64591,498.92,256.44,134.69,0,4.3252e+05,3.0133,1,2.1975,2.1975,0.646,1
0.64594,498.92,256.42,134.76,0,4.3246e+05,3.0129,1,2.2,2.2,0.646,1
0.64598,498.91,256.4,134.82,0,4.324e+05,3.0125,1,2.2025,2.2025,0.646,1
0.64601,498.91,256.38,134.89,0,4.3234e+05,3.0121,1,2.205,2.205,0.646,1
0.64604,498.9,256.36,134.95,0,4.3228e+05,3.0117,1,2.2075,2.2075,0.646,1
0.64608,498.9,256.35,135.01,0,4.3222e+05,3.0113,1,2.21,2.21,0.646,1
0.64611,498.9,256.33,135.08,0,4.3216e+05,3.0109,1,2.2125,2.2125,0.646,1
0.64615,498.89,256.31,135.14,0,4.321e+05,3.0105,1,2.215,2.215,0.646,1
0.64618,498.89,256.3,135.2,0,4.3203e+05,3.0101,1,2.2175,2.2175,0.646,1
0.64621,498.88,256.28,135.27,0,4.3198e+05,3.0097,1,2.22,2.22,0.646,1
0.64623,498.88,256.25,135.32,0,4.3192e+05,3.0093,1,2.2225,2.2225,0.646,1
0.64624,498.88,256.23,135.38,0,4.3187e+05,3.009,1,2.225,2.225,0.646,1
0.64626,498.88,256.21,135.44,0,4.3182e+05,3.0086,1,2.2275,2.2275,0.646,1
0.64628,498.88,256.18,135.5,0,4.3176e+05,3.0082,1,2.23,2.23,0.646,1
0.64629,498.87,256.16,135.56,0,4.3171e+05,3.0079,1,2.2325,2.2325,0.646,1
0.64631,498.87,256.14,135.62,0,4.3165e+05,3.0075,1,2.235,2.235,0.646,1
0.64633,498.87,256.12,135.68,0,4.3159e+05,3.0071,1,2.2375,2.2375,0.646,1
0.64635,498.87,256.1,135.74,0,4.3154e+05,3.0067,1,2.24,2.24,0.646,1
0.64638,498.87,256.07,135.79,0,4.3148e+05,3.0064,1,2.2425,2.2425,0.646,1
0.6464,498.86,256.05,135.85,0,4.3143e+05,3.006,1,2.245,2.245,0.646,1
0.64642,498.86,256.03,135.91,0,4.3137e+05,3.0056,1,2.2475,2.2475,0.646,1
0.64644,498.86,256.01,135.96,0,4.3131e+05,3.0052,1,2.25,2.25,0.646,1
0.64644,498.86,255.99,136.02,0,4.3127e+05,3.0049,1,2.2525,2.2525,0.646,1
0.64644,498.86,255.96,136.07,0,4.3122e+05,3.0046,1,2.255,2.255,0.646,1
0.64644,498.86,255.93,136.12,0,4.3117e+05,3.0042,1,2.2575,2.2575,0.646,1
0.64645,498.86,255.9,136.18,0,4.3112e+05,3.0039,1,2.26,2.26,0.646,1
0.64645,498.86,255.88,136.23,0,4.3107e+05,3.0035,1,2.2625,2.2625,0.646,1
0.64645,498.86,255.85,136.28,0,4.3102e+05,3.0032,1,2.265,2.265,0.646,1
0.64646,498.86,255.83,136.33,0,4.3097e+05,3.0028,1,2.2675,2.2675,0.646,1
0.64646,498.86,255.8,136.39,0,4.3092e+05,3.0025,1,2.27,2.27,0.646,1
0.64647,498.86,255.78,136.44,0,4.3086e+05,3.0021,1,2.2725,2.2725,0.646,1
0.64647,498.86,255.75,136.49,0,4.3081e+05,3.0018,1,2.275,2.275,0.646,1
0.64648,498.86,255.73,136.54,0,4.3076e+05,3.0014,1,2.2775,2.2775,0.646,1
0.64649,498.85,255.7,136.59,0,4.3071e+05,3.0011,1,2.28,2.28,0.646,1
0.64648,498.86,255.67,136.64,0,4.3066e+05,3.0007,1,2.2825,2.2825,0.646,1
0.64647,498.86,255.64,136.69,0,4.3062e+05,3.0004,1,2.285,2.285,0.646,1
0.64645,498.86,255.61,136.73,0,4.3058e+05,3.0001,1,2.2875,2.2875,0.646,1
0.64644,498.86,255.58,136.78,0,4.3053e+05,2.9998,1,2.29,2.29,0.646,1
0.64642,498.86,255.55,136.83,0,4.3049e+05,2.9995,1,2.2925,2.2925,0.646,1
0.64641,498.86,255.51,136.88,0,4.3044e+05,2.9991,1,2.295,2.295,0.646,1
0.6464,498.87,255.48,136.92,0,4.304e+05,2.9988,1,2.2975,2.2975,0.646,1
0.64638,498.87,255.45,136.97,0,4.3035e+05,2.9985,1,2.3,2.3,0.646,1
0.64637,498.87,255.42,137.01,0,4.3031e+05,2.9982,1,2.3025,2.3025,0.646,1
0.64636,498.87,255.39,137.06,0,4.3026e+05,2.9978,1,2.305,2.305,0.646,1
0.64635,498.87,255.37,137.1,0,4.3022e+05,2.9975,1,2.3075,2.3075,0.646,1
0.64634,498.87,255.34,137.15,0,4.3017e+05,2.9972,1,2.31,2.31,0.646,1
0.64633,498.87,255.31,137.19,0,4.3012e+05,2.9969,1,2.3125,2.3125,0.646,1
0.6463,498.88,255.27,137.23,0,4.3009e+05,2.9966,1,2.315,2.315,0.646,1
0.64626,498.88,255.23,137.27,0,4.3005e+05,2.9963,1,2.3175,2.3175,0.646,1
0.64623,498.89,255.19,137.31,0,4.3001e+05,2.996,1,2.32,2.32,0.646,1
0.6462,498.89,255.16,137.36,0,4.2997e+05,2.9957,1,2.3225,2.3225,0.646,1
0.64616,498.89,255.12,137.4,0,4.2993e+05,2.9954,1,2.325,2.325,0.646,1
0.64613,498.9,255.08,137.44,0,4.2989e+05,2.9951,1,2.3275,2.3275,0.646,1
0.6461,498.9,255.05,137.47,0,4.2986e+05,2.9948,1,2.33,2.33,0.646,1
0.64607,498.91,255.01,137.51,0,4.2982e+05,2.9945,1,2.3325,2.3325,0.646,1
0.64604,498.91,254.98,137.55,0,4.2978e+05,2.9942,1,2.335,2.335,0.646,1
0.64601,498.91,254.94,137.59,0,4.2974e+05,2.9939,1,2.3375,2.3375,0.646,1
0.64598,498.92,254.91,137.63,0,4.297e+05,2.9936,1,2.34,2.34,0.646,1
0.64595,498.92,254.88,137.67,0,4.2966e+05,2.9933,1,2.3425,2.3425,0.646,1
0.64591,498.93,254.84,137.7,0,4.2962e+05,2.993,1,2.345,2.345,0.646,1
0.64586,498.93,254.79,137.74,0,4.2959e+05,2.9928,1,2.3475,2.3475,0.646,1
0.6458,498.94,254.75,137.77,0,4.2956e+05,2.9925,1,2.35,2.35,0.646,1
0.64575,498.95,254.71,137.8,0,4.2953e+05,2.9923,1,2.3525,2.3525,0.646,1
0.64569,498.95,254.66,137.84,0,4.295e+05,2.992,1,2.355,2.355,0.646,1
0.64564,498.96,254.62,137.87,0,4.2946e+05,2.9918,1,2.3575,2.3575,0.646,1
0.64559,498.96,254.58,137.9,0,4.2943e+05,2.9915,1,2.36,2.36,0.646,1
0.64554,498.97,254.54,137.93,0,4.294e+05,2.9912,1,2.3625,2.3625,0.646,1
0.64548,498.98,254.5,137.96,0,4.2937e+05,2.991,1,2.365,2.365,0.646,1
0.64543,498.98,254.45,137.99,0,4.2934e+05,2.9907,1,2.3675,2.3675,0.646,1
0.64538,498.99,254.41,138.03,0,4.293e+05,2.9904,1,2.37,2.37,0.646,1
0.64533,498.99,254.37,138.06,0,4.2927e+05,2.9902,1,2.3725,2.3725,0.646,1
0.64529,499,254.33,138.09,0,4.2923e+05,2.9899,1,2.375,2.375,0.646,1
0.64521,499.01,254.28,138.12,0,4.2921e+05,2.9897,1,2.3775,2.3775,0.646,1
0.64513,499.02,254.22,138.15,0,4.2919e+05,2.9895,1,2.38,2.38,0.646,1
0.64505,499.03,254.17,138.18,0,4.2916e+05,2.9892,1,2.3825,2.3825,0.646,1
0.64498,499.04,254.12,138.21,0,4.2914e+05,2.989,1,2.385,2.385,0.646,1
0.6449,499.04,254.07,138.24,0,4.2911e+05,2.9888,1,2.3875,2.3875,0.646,1
0.64483,499.05,254.02,138.27,0,4.2909e+05,2.9886,1,2.39,2.39,0.646,1
0.64475,499.06,253.97,138.29,0,4.2906e+05,2.9883,1,2.3925,2.3925,0.646,1
0.64467,499.07,253.92,138.32,0,4.2904e+05,2.9881,1,2.395,2.395,0.646,1
0.6446,499.08,253.87,138.34,0,4.2901e+05,2.9879,1,2.3975,2.3975,0.646,1
0.64452,499.09,253.83,138.36,0,4.2899e+05,2.9876,1,2.4,2.4,0.646,1
0.64445,499.1,253.78,138.38,0,4.2896e+05,2.9874,1,2.4025,2.4025,0.646,1
0.64437,499.11,253.74,138.4,0,4.2894e+05,2.9872,1,2.405,2.405,0.646,1
0.64428,499.12,253.69,138.41,0,4.2892e+05,2.9869,1,2.4075,2.4075,0.646,1
0.64418,499.14,253.63,138.43,0,4.289e+05,2.9868,1,2.41,2.41,0.646,1
0.64408,499.15,253.57,138.45,0,4.2889e+05,2.9866,1,2.4125,2.4125,0.646,1
0.64397,499.16,253.51,138.46,0,4.2887e+05,2.9864,1,2.415,2.415,0.646,1
0.64387,499.18,253.46,138.48,0,4.2885e+05,2.9862,1,2.4175,2.4175,0.646,1
0.64376,499.19,253.4,138.49,0,4.2884e+05,2.986,1,2.42,2.42,0.646,1
0.64367,499.2,253.34,138.52,0,4.2882e+05,2.9859,1,2.4225,2.4225,0.646,1
0.64357,499.2,253.27,138.55,0,4.288e+05,2.9857,1,2.425,2.425,0.646,1
0.64347,499.21,253.21,138.58,0,4.2879e+05,2.9855,1,2.4275,2.4275,0.646,1
0.64337,499.22,253.15,138.6,0,4.2877e+05,2.9853,1,2.43,2.43,0.646,1
0.64327,499.23,253.09,138.63,0,4.2875e+05,2.9852,1,2.4325,2.4325,0.646,1
0.64317,499.23,253.02,138.65,0,4.2873e+05,2.985,1,2.435,2.435,0.646,1
0.64308,499.24,252.96,138.68,0,4.2871e+05,2.9848,1,2.4375,2.4375,0.646,1
0.64294,499.26,252.88,138.7,0,4.2871e+05,2.9847,1,2.44,2.44,0.646,1
0.64279,499.27,252.8,138.72,0,4.287e+05,2.9846,1,2.4425,2.4425,0.646,1
0.64265,499.28,252.72,138.74,0,4.2869e+05,2.9844,1,2.445,2.445,0.646,1
0.64251,499.31,252.65,138.75,0,4.2869e+05,2.9843,1,2.4475,2.4475,0.646,1
0.64236,499.33,252.59,138.74,0,4.2868e+05,2.9841,1,2.45,2.45,0.646,1
0.64221,499.36,252.52,138.74,0,4.2867e+05,2.9839,1,2.4525,2.4525,0.646,1
0.64206,499.38,252.46,138.73,0,4.2867e+05,2.9837,1,2.455,2.455,0.646,1
0.64191,499.41,252.39,138.73,0,4.2866e+05,2.9835,1,2.4575,2.4575,0.646,1
0.64176,499.43,252.33,138.72,0,4.2865e+05,2.9833,1,2.46,2.46,0.646,1
0.64162,499.45,252.26,138.71,0,4.2865e+05,2.9831,1,2.4625,2.4625,0.646,1
0.64147,499.48,252.2,138.71,0,4.2864e+05,2.9829,1,2.465,2.465,0.646,1
0.64132,499.5,252.14,138.7,0,4.2863e+05,2.9827,1,2.4675,2.4675,0.646,1
0.64115,499.53,252.07,138.68,0,4.2863e+05,2.9826,1,2.47,2.47,0.646,1
0.64097,499.55,251.99,138.66,0,4.2864e+05,2.9825,1,2.4725,2.4725,0.646,1
0.6408,499.56,251.91,138.67,0,4.2865e+05,2.9825,1,2.475,2.475,0.646,1
0.64063,499.56,251.82,138.67,0,4.2866e+05,2.9825,1,2.4775,2.4775,0.646,1
0.64045,499.57,251.73,138.68,0,4.2867e+05,2.9826,1,2.48,2.48,0.646,1
0.64028,499.58,251.64,138.68,0,4.2868e+05,2.9826,1,2.4825,2.4825,0.646,1
0.64011,499.59,251.55,138.69,0,4.2869e+05,2.9826,1,2.485,2.485,0.646,1
0.63993,499.59,251.46,138.69,0,4.2869e+05,2.9826,1,2.4875,2.4875,0.646,1
0.63976,499.6,251.38,138.69,0,4.287e+05,2.9826,1,2.49,2.49,0.646,1
0.63959,499.61,251.29,138.69,0,4.2871e+05,2.9826,1,2.4925,2.4925,0.646,1
0.63941,499.62,251.2,138.69,0,4.2872e+05,2.9826,1,2.495,2.495,0.646,1
0.63922,499.64,251.13,138.67,0,4.2873e+05,2.9826,1,2.4975,2.4975,0.646,1
0.63902,499.68,251.07,138.6,0,4.2874e+05,2.9824,1,2.5,2.5,0.646,1
